dataset,token_setting,method,selection_method,run_id,layer_idx,sample_count,mean_unique_patch_count,mean_duplicate_patch_index_count,mean_bbox_area_ratio,mean_grid_occupancy_ratio,mean_distance_to_centroid,mean_quadrant_coverage_count
failure_mining,128,Ours,mmr,FM-OURS-128,15,100,32.810000,0.000000,0.926875,0.056962,8.215401,3.990000
failure_mining,128,Ours,mmr,FM-OURS-128,2,100,303.000000,0.000000,0.999583,0.526042,8.211814,4.000000
failure_mining,128,Ours,mmr,FM-OURS-128,6,100,106.740000,0.000000,0.991667,0.185313,8.000339,4.000000
failure_mining,128,SparseVLM-Original,topk,FM-SPARSE-ORIG-128,15,100,33.780000,0.000000,0.891979,0.058646,7.974661,3.980000
failure_mining,128,SparseVLM-Original,topk,FM-SPARSE-ORIG-128,2,100,303.000000,0.000000,1.000000,0.526042,8.120335,4.000000
failure_mining,128,SparseVLM-Original,topk,FM-SPARSE-ORIG-128,6,100,103.650000,0.000000,1.000000,0.179948,8.362307,4.000000
failure_mining,128,Threshold-Fixed-k,threshold_fixed,FM-THRESHOLD-FIXED-128,15,100,32.420000,0.000000,0.854288,0.056285,7.641772,3.950000
failure_mining,128,Threshold-Fixed-k,threshold_fixed,FM-THRESHOLD-FIXED-128,2,100,303.000000,0.000000,0.997917,0.526042,8.270950,4.000000
failure_mining,128,Threshold-Fixed-k,threshold_fixed,FM-THRESHOLD-FIXED-128,6,100,105.570000,0.000000,0.973333,0.183281,7.884572,4.000000
failure_mining,64,Ours,mmr,FM-OURS-64,15,100,15.130000,0.000000,0.783819,0.026268,8.096846,3.910000
failure_mining,64,Ours,mmr,FM-OURS-64,2,100,66.000000,0.000000,0.922778,0.114583,7.595407,3.990000
failure_mining,64,Ours,mmr,FM-OURS-64,6,100,26.120000,0.000000,0.876892,0.045347,7.917061,3.980000
failure_mining,64,Ours,mmr,FM-STAGE8-OURS-64-P2-L05,15,100,14.810000,0.000000,0.774462,0.025712,7.966747,3.900000
failure_mining,64,Ours,mmr,FM-STAGE8-OURS-64-P2-L05,2,100,66.000000,0.000000,0.910538,0.114583,7.513588,3.980000
failure_mining,64,Ours,mmr,FM-STAGE8-OURS-64-P2-L05,6,100,26.610000,0.000000,0.859913,0.046198,7.711640,3.960000
failure_mining,64,Ours,mmr,FM-STAGE8-OURS-64-P2-L07,15,100,15.090000,0.000000,0.770469,0.026198,8.037024,3.930000
failure_mining,64,Ours,mmr,FM-STAGE8-OURS-64-P2-L07,2,100,66.000000,0.000000,0.921198,0.114583,7.577056,3.990000
failure_mining,64,Ours,mmr,FM-STAGE8-OURS-64-P2-L07,6,100,26.340000,0.000000,0.867222,0.045729,7.844640,3.980000
failure_mining,64,Ours,mmr,FM-STAGE8-OURS-64-P3-L05,15,100,14.980000,0.000000,0.784705,0.026007,7.953900,3.910000
failure_mining,64,Ours,mmr,FM-STAGE8-OURS-64-P3-L05,2,100,66.000000,0.000000,0.929080,0.114583,7.511796,4.000000
failure_mining,64,Ours,mmr,FM-STAGE8-OURS-64-P3-L05,6,100,27.510000,0.000000,0.881215,0.047760,7.794935,4.000000
failure_mining,64,Ours,mmr,FM-STAGE8-OURS-64-P3-L07,15,100,14.760000,0.000000,0.778594,0.025625,8.019118,3.890000
failure_mining,64,Ours,mmr,FM-STAGE8-OURS-64-P3-L07,2,100,66.000000,0.000000,0.929097,0.114583,7.527067,4.000000
failure_mining,64,Ours,mmr,FM-STAGE8-OURS-64-P3-L07,6,100,26.630000,0.000000,0.880660,0.046233,7.886779,4.000000
failure_mining,64,SparseVLM-Original,topk,FM-SPARSE-ORIG-64,15,100,15.680000,0.000000,0.775573,0.027222,8.109884,3.890000
failure_mining,64,SparseVLM-Original,topk,FM-SPARSE-ORIG-64,2,100,66.000000,0.000000,0.949167,0.114583,8.007699,4.000000
failure_mining,64,SparseVLM-Original,topk,FM-SPARSE-ORIG-64,6,100,26.750000,0.000000,0.866944,0.046441,7.829838,4.000000
failure_mining,64,Threshold-Adaptive,threshold_adaptive,FM-THRESHOLD-ADAPT-080,15,100,27.280000,0.000000,0.747431,0.047361,7.359903,3.930000
failure_mining,64,Threshold-Adaptive,threshold_adaptive,FM-THRESHOLD-ADAPT-080,2,100,43.800000,0.000000,0.798681,0.076042,7.349859,3.940000
failure_mining,64,Threshold-Adaptive,threshold_adaptive,FM-THRESHOLD-ADAPT-080,6,100,35.620000,0.000000,0.786233,0.061840,7.355494,3.940000
failure_mining,64,Threshold-Adaptive,threshold_adaptive,FM-THRESHOLD-ADAPT-085,15,100,28.030000,0.000000,0.748507,0.048663,7.257797,3.900000
failure_mining,64,Threshold-Adaptive,threshold_adaptive,FM-THRESHOLD-ADAPT-085,2,100,55.330000,0.000000,0.822691,0.096059,7.352248,3.970000
failure_mining,64,Threshold-Adaptive,threshold_adaptive,FM-THRESHOLD-ADAPT-085,6,100,42.480000,0.000000,0.809288,0.073750,7.345996,3.960000
failure_mining,64,Threshold-Adaptive,threshold_adaptive,FM-THRESHOLD-ADAPT-090,15,100,29.150000,0.000000,0.764219,0.050608,7.251257,3.940000
failure_mining,64,Threshold-Adaptive,threshold_adaptive,FM-THRESHOLD-ADAPT-090,2,100,73.460000,0.000000,0.857639,0.127535,7.377402,3.980000
failure_mining,64,Threshold-Adaptive,threshold_adaptive,FM-THRESHOLD-ADAPT-090,6,100,47.980000,0.000000,0.838819,0.083299,7.374743,3.980000
failure_mining,64,Threshold-Fixed-k,threshold_fixed,FM-THRESHOLD-FIXED-64,15,100,15.010000,0.000000,0.637969,0.026059,7.166374,3.820000
failure_mining,64,Threshold-Fixed-k,threshold_fixed,FM-THRESHOLD-FIXED-64,2,100,66.000000,0.000000,0.850347,0.114583,7.337629,3.990000
failure_mining,64,Threshold-Fixed-k,threshold_fixed,FM-THRESHOLD-FIXED-64,6,100,26.500000,0.000000,0.759132,0.046007,7.240267,3.990000
gqa,128,Ours,mmr,GQA-OURS-128,15,5000,32.929000,0.000000,0.927675,0.057169,8.187976,3.993200
gqa,128,Ours,mmr,GQA-OURS-128,2,5000,303.000000,0.000000,0.999642,0.526042,8.176962,4.000000
gqa,128,Ours,mmr,GQA-OURS-128,6,5000,106.469800,0.000000,0.993426,0.184843,7.967860,4.000000
gqa,128,SparseVLM-Original,topk,GQA-SPARSE-ORIG-128,15,5000,33.701800,0.000000,0.901398,0.058510,7.928293,3.989600
gqa,128,SparseVLM-Original,topk,GQA-SPARSE-ORIG-128,2,5000,303.000000,0.000000,0.999817,0.526042,8.127177,4.000000
gqa,128,SparseVLM-Original,topk,GQA-SPARSE-ORIG-128,6,5000,103.837800,0.000000,0.999018,0.180274,8.251778,4.000000
gqa,128,Threshold-Fixed-k,threshold_fixed,GQA-THRESHOLD-FIXED-128,15,5000,32.511000,0.000000,0.849687,0.056443,7.541123,3.981400
gqa,128,Threshold-Fixed-k,threshold_fixed,GQA-THRESHOLD-FIXED-128,2,5000,303.000000,0.000000,0.998367,0.526042,8.314177,4.000000
gqa,128,Threshold-Fixed-k,threshold_fixed,GQA-THRESHOLD-FIXED-128,6,5000,105.467000,0.000000,0.972123,0.183102,7.825250,4.000000
gqa,64,Ours,mmr,GQA-OURS-64,15,5000,15.198800,0.000000,0.785026,0.026387,8.015606,3.907000
gqa,64,Ours,mmr,GQA-OURS-64,2,5000,66.000000,0.000000,0.941658,0.114583,7.587439,3.996600
gqa,64,Ours,mmr,GQA-OURS-64,6,5000,26.124800,0.000000,0.889713,0.045356,7.871431,3.990600
gqa,64,Ours,mmr,GQA-STAGE8-OURS-64-P2-L05,15,500,14.858000,0.000000,0.781187,0.025795,7.894294,3.904000
gqa,64,Ours,mmr,GQA-STAGE8-OURS-64-P2-L05,2,500,66.000000,0.000000,0.929233,0.114583,7.530475,3.998000
gqa,64,Ours,mmr,GQA-STAGE8-OURS-64-P2-L05,6,500,26.672000,0.000000,0.872726,0.046306,7.711949,3.986000
gqa,64,Ours,mmr,GQA-STAGE8-OURS-64-P2-L07,15,500,15.018000,0.000000,0.783403,0.026073,7.916976,3.882000
gqa,64,Ours,mmr,GQA-STAGE8-OURS-64-P2-L07,2,500,66.000000,0.000000,0.937840,0.114583,7.570576,3.998000
gqa,64,Ours,mmr,GQA-STAGE8-OURS-64-P2-L07,6,500,26.174000,0.000000,0.882319,0.045441,7.801899,3.984000
gqa,64,Ours,mmr,GQA-STAGE8-OURS-64-P2-L08,15,500,15.182000,0.000000,0.767903,0.026358,7.905069,3.894000
gqa,64,Ours,mmr,GQA-STAGE8-OURS-64-P2-L08,2,500,66.000000,0.000000,0.940701,0.114583,7.621155,3.996000
gqa,64,Ours,mmr,GQA-STAGE8-OURS-64-P2-L08,6,500,25.998000,0.000000,0.886007,0.045135,7.833558,3.990000
gqa,64,Ours,mmr,GQA-STAGE8-OURS-64-P3-L05,15,500,15.032000,0.000000,0.794465,0.026097,8.033977,3.904000
gqa,64,Ours,mmr,GQA-STAGE8-OURS-64-P3-L05,2,500,66.000000,0.000000,0.937312,0.114583,7.517617,3.998000
gqa,64,Ours,mmr,GQA-STAGE8-OURS-64-P3-L05,6,500,27.552000,0.000000,0.882455,0.047833,7.830681,3.994000
gqa,64,Ours,mmr,GQA-STAGE8-OURS-64-P3-L07,15,500,14.798000,0.000000,0.785889,0.025691,8.013160,3.892000
gqa,64,Ours,mmr,GQA-STAGE8-OURS-64-P3-L07,2,500,66.000000,0.000000,0.940726,0.114583,7.567313,4.000000
gqa,64,Ours,mmr,GQA-STAGE8-OURS-64-P3-L07,6,500,26.640000,0.000000,0.892545,0.046250,7.942224,3.996000
gqa,64,SparseVLM-Original,topk,GQA-SPARSE-ORIG-64,15,5000,15.442200,0.000000,0.778135,0.026810,8.093133,3.888200
gqa,64,SparseVLM-Original,topk,GQA-SPARSE-ORIG-64,2,5000,66.000000,0.000000,0.955358,0.114583,8.025494,3.986600
gqa,64,SparseVLM-Original,topk,GQA-SPARSE-ORIG-64,6,5000,26.437400,0.000000,0.868753,0.045898,7.792497,3.977400
gqa,64,SparseVLM-Original,topk,GQA-STAGE8-SPARSE-ORIG-64,15,500,15.392000,0.000000,0.776559,0.026722,8.080536,3.880000
gqa,64,SparseVLM-Original,topk,GQA-STAGE8-SPARSE-ORIG-64,2,500,66.000000,0.000000,0.955458,0.114583,8.068905,3.988000
gqa,64,SparseVLM-Original,topk,GQA-STAGE8-SPARSE-ORIG-64,6,500,26.296000,0.000000,0.872767,0.045653,7.811551,3.982000
gqa,64,Threshold-Adaptive,threshold_adaptive,GQA-THRESHOLD-ADAPT-080,15,5000,27.307400,0.000000,0.764365,0.047409,7.277630,3.942600
gqa,64,Threshold-Adaptive,threshold_adaptive,GQA-THRESHOLD-ADAPT-080,2,5000,44.924000,0.000000,0.823559,0.077993,7.398111,3.972400
gqa,64,Threshold-Adaptive,threshold_adaptive,GQA-THRESHOLD-ADAPT-080,6,5000,37.282400,0.000000,0.814210,0.064726,7.368500,3.962200
gqa,64,Threshold-Adaptive,threshold_adaptive,GQA-THRESHOLD-ADAPT-085,15,5000,28.235800,0.000000,0.758106,0.049020,7.159366,3.952800
gqa,64,Threshold-Adaptive,threshold_adaptive,GQA-THRESHOLD-ADAPT-085,2,5000,57.285400,0.000000,0.843437,0.099454,7.347269,3.987000
gqa,64,Threshold-Adaptive,threshold_adaptive,GQA-THRESHOLD-ADAPT-085,6,5000,43.649000,0.000000,0.831914,0.075780,7.293990,3.982000
gqa,64,Threshold-Adaptive,threshold_adaptive,GQA-THRESHOLD-ADAPT-090,15,5000,29.163000,0.000000,0.764586,0.050630,7.088182,3.956000
gqa,64,Threshold-Adaptive,threshold_adaptive,GQA-THRESHOLD-ADAPT-090,2,5000,74.818200,0.000000,0.872691,0.129893,7.350819,3.995200
gqa,64,Threshold-Adaptive,threshold_adaptive,GQA-THRESHOLD-ADAPT-090,6,5000,48.477400,0.000000,0.852679,0.084162,7.256940,3.991400
gqa,64,Threshold-Fixed-k,threshold_fixed,GQA-STAGE8-THRESHOLD-FIXED-64,15,500,15.008000,0.000000,0.634691,0.026056,6.981698,3.838000
gqa,64,Threshold-Fixed-k,threshold_fixed,GQA-STAGE8-THRESHOLD-FIXED-64,2,500,66.000000,0.000000,0.861160,0.114583,7.386411,3.998000
gqa,64,Threshold-Fixed-k,threshold_fixed,GQA-STAGE8-THRESHOLD-FIXED-64,6,500,26.364000,0.000000,0.763969,0.045771,7.130475,3.978000
gqa,64,Threshold-Fixed-k,threshold_fixed,GQA-THRESHOLD-FIXED-64,15,5000,14.988800,0.000000,0.640541,0.026022,7.002464,3.838000
gqa,64,Threshold-Fixed-k,threshold_fixed,GQA-THRESHOLD-FIXED-64,2,5000,66.000000,0.000000,0.861831,0.114583,7.334664,3.996000
gqa,64,Threshold-Fixed-k,threshold_fixed,GQA-THRESHOLD-FIXED-64,6,5000,26.469600,0.000000,0.763385,0.045954,7.109409,3.983800
pope,128,Ours,mmr,POPE-OURS-128,15,1500,33.321333,0.000000,0.947807,0.057850,8.423348,3.998000
pope,128,Ours,mmr,POPE-OURS-128,2,1500,303.000000,0.000000,0.999500,0.526042,8.221443,4.000000
pope,128,Ours,mmr,POPE-OURS-128,6,1500,106.448000,0.000000,0.996056,0.184806,7.990884,4.000000
pope,128,SparseVLM-Original,topk,POPE-SPARSE-ORIG-128,15,1500,33.875333,0.000000,0.939264,0.058812,8.323659,3.996000
pope,128,SparseVLM-Original,topk,POPE-SPARSE-ORIG-128,2,1500,303.000000,0.000000,1.000000,0.526042,8.193503,4.000000
pope,128,SparseVLM-Original,topk,POPE-SPARSE-ORIG-128,6,1500,103.408000,0.000000,1.000000,0.179528,8.278806,4.000000
pope,128,Threshold-Fixed-k,threshold_fixed,POPE-THRESHOLD-FIXED-128,15,1500,32.878000,0.000000,0.881514,0.057080,7.821930,3.980000
pope,128,Threshold-Fixed-k,threshold_fixed,POPE-THRESHOLD-FIXED-128,2,1500,303.000000,0.000000,0.999444,0.526042,8.436092,4.000000
pope,128,Threshold-Fixed-k,threshold_fixed,POPE-THRESHOLD-FIXED-128,6,1500,105.103333,0.000000,0.974111,0.182471,7.845291,4.000000
pope,64,Ours,mmr,POPE-OURS-64,15,1500,15.116667,0.000000,0.794150,0.026244,8.093704,3.842667
pope,64,Ours,mmr,POPE-OURS-64,2,1500,66.000000,0.000000,0.952722,0.114583,7.769585,3.988000
pope,64,Ours,mmr,POPE-OURS-64,6,1500,25.724000,0.000000,0.894741,0.044660,7.930175,3.978667
pope,64,Ours,mmr,POPE-STAGE8-OURS-64-P2-L05,15,500,14.638000,0.000000,0.782694,0.025413,7.972952,3.926000
pope,64,Ours,mmr,POPE-STAGE8-OURS-64-P2-L05,2,500,66.000000,0.000000,0.928653,0.114583,7.556813,3.986000
pope,64,Ours,mmr,POPE-STAGE8-OURS-64-P2-L05,6,500,26.264000,0.000000,0.874663,0.045597,7.754811,3.978000
pope,64,Ours,mmr,POPE-STAGE8-OURS-64-P2-L07,15,500,14.924000,0.000000,0.795434,0.025910,8.116649,3.890000
pope,64,Ours,mmr,POPE-STAGE8-OURS-64-P2-L07,2,500,66.000000,0.000000,0.942871,0.114583,7.634766,3.986000
pope,64,Ours,mmr,POPE-STAGE8-OURS-64-P2-L07,6,500,26.010000,0.000000,0.888979,0.045156,7.880943,3.980000
pope,64,Ours,mmr,POPE-STAGE8-OURS-64-P2-L08,15,500,15.270000,0.000000,0.809250,0.026511,8.184595,3.908000
pope,64,Ours,mmr,POPE-STAGE8-OURS-64-P2-L08,2,500,66.000000,0.000000,0.948049,0.114583,7.704382,3.986000
pope,64,Ours,mmr,POPE-STAGE8-OURS-64-P2-L08,6,500,25.922000,0.000000,0.897802,0.045004,7.954494,3.984000
pope,64,Ours,mmr,POPE-STAGE8-OURS-64-P3-L05,15,500,14.822000,0.000000,0.800392,0.025733,8.126952,3.908000
pope,64,Ours,mmr,POPE-STAGE8-OURS-64-P3-L05,2,500,66.000000,0.000000,0.936924,0.114583,7.552871,4.000000
pope,64,Ours,mmr,POPE-STAGE8-OURS-64-P3-L05,6,500,27.246000,0.000000,0.883972,0.047302,7.873870,3.982000
pope,64,Ours,mmr,POPE-STAGE8-OURS-64-P3-L07,15,500,14.744000,0.000000,0.791316,0.025597,8.183828,3.898000
pope,64,Ours,mmr,POPE-STAGE8-OURS-64-P3-L07,2,500,66.000000,0.000000,0.943990,0.114583,7.619221,4.000000
pope,64,Ours,mmr,POPE-STAGE8-OURS-64-P3-L07,6,500,26.314000,0.000000,0.891149,0.045684,7.985020,3.990000
pope,64,SparseVLM-Original,topk,POPE-SPARSE-ORIG-64,15,1500,15.438000,0.000000,0.805836,0.026802,8.310373,3.830000
pope,64,SparseVLM-Original,topk,POPE-SPARSE-ORIG-64,2,1500,66.000000,0.000000,0.966083,0.114583,8.106822,3.958667
pope,64,SparseVLM-Original,topk,POPE-SPARSE-ORIG-64,6,1500,25.976667,0.000000,0.899071,0.045098,8.066260,3.952000
pope,64,SparseVLM-Original,topk,POPE-STAGE8-SPARSE-ORIG-64,15,500,15.602000,0.000000,0.808038,0.027087,8.291779,3.862000
pope,64,SparseVLM-Original,topk,POPE-STAGE8-SPARSE-ORIG-64,2,500,66.000000,0.000000,0.957181,0.114583,8.087417,3.966000
pope,64,SparseVLM-Original,topk,POPE-STAGE8-SPARSE-ORIG-64,6,500,26.208000,0.000000,0.892590,0.045500,8.016072,3.956000
pope,64,Threshold-Adaptive,threshold_adaptive,POPE-THRESHOLD-ADAPT-080,15,1500,27.286000,0.000000,0.786449,0.047372,7.585514,3.928000
pope,64,Threshold-Adaptive,threshold_adaptive,POPE-THRESHOLD-ADAPT-080,2,1500,43.555333,0.000000,0.826177,0.075617,7.563888,3.981333
pope,64,Threshold-Adaptive,threshold_adaptive,POPE-THRESHOLD-ADAPT-080,6,1500,36.786667,0.000000,0.816131,0.063866,7.536651,3.964667
pope,64,Threshold-Adaptive,threshold_adaptive,POPE-THRESHOLD-ADAPT-085,15,1500,28.235333,0.000000,0.781296,0.049020,7.430520,3.904667
pope,64,Threshold-Adaptive,threshold_adaptive,POPE-THRESHOLD-ADAPT-085,2,1500,54.868667,0.000000,0.838279,0.095258,7.513970,3.981333
pope,64,Threshold-Adaptive,threshold_adaptive,POPE-THRESHOLD-ADAPT-085,6,1500,43.435333,0.000000,0.828852,0.075409,7.427691,3.967333
pope,64,Threshold-Adaptive,threshold_adaptive,POPE-THRESHOLD-ADAPT-090,15,1500,29.141333,0.000000,0.785287,0.050593,7.353138,3.950667
pope,64,Threshold-Adaptive,threshold_adaptive,POPE-THRESHOLD-ADAPT-090,2,1500,71.565333,0.000000,0.863213,0.124245,7.519843,3.984000
pope,64,Threshold-Adaptive,threshold_adaptive,POPE-THRESHOLD-ADAPT-090,6,1500,48.053333,0.000000,0.847384,0.083426,7.352813,3.984000
pope,64,Threshold-Fixed-k,threshold_fixed,POPE-STAGE8-THRESHOLD-FIXED-64,15,500,15.040000,0.000000,0.665288,0.026111,7.307782,3.870000
pope,64,Threshold-Fixed-k,threshold_fixed,POPE-STAGE8-THRESHOLD-FIXED-64,2,500,66.000000,0.000000,0.862681,0.114583,7.412950,3.992000
pope,64,Threshold-Fixed-k,threshold_fixed,POPE-STAGE8-THRESHOLD-FIXED-64,6,500,26.374000,0.000000,0.758292,0.045788,7.189227,3.974000
pope,64,Threshold-Fixed-k,threshold_fixed,POPE-THRESHOLD-FIXED-64,15,1500,14.967333,0.000000,0.650552,0.025985,7.200703,3.754667
pope,64,Threshold-Fixed-k,threshold_fixed,POPE-THRESHOLD-FIXED-64,2,1500,66.000000,0.000000,0.857334,0.114583,7.467111,4.000000
pope,64,Threshold-Fixed-k,threshold_fixed,POPE-THRESHOLD-FIXED-64,6,1500,26.296667,0.000000,0.750397,0.045654,7.157290,3.968667
