expanded_case_id,dataset,question_id,case_group,sparse_raw_selected_patch_index_count,sparse_unique_patch_count,sparse_duplicate_patch_index_count,sparse_bbox,sparse_spatial_spread_mean_grid_distance,ours_raw_selected_patch_index_count,ours_unique_patch_count,ours_duplicate_patch_index_count,ours_bbox,ours_spatial_spread_mean_grid_distance,threshold_raw_selected_patch_index_count,threshold_unique_patch_count,threshold_duplicate_patch_index_count,threshold_bbox,threshold_spatial_spread_mean_grid_distance,sparse_ours_unique_overlap_count,sparse_ours_unique_jaccard,sparse_threshold_unique_overlap_count,sparse_threshold_unique_jaccard,ours_threshold_unique_overlap_count,ours_threshold_unique_jaccard
GQA_05832509,gqa,05832509,ours_only_recovery,14,14,0,rows=0-21;cols=3-21,7.592,15,15,0,rows=3-21;cols=1-20,7.754,12,12,0,rows=3-20;cols=1-15,6.475,4,0.160000,4,0.181818,8,0.421053
GQA_16706454,gqa,16706454,ours_only_recovery,15,15,0,rows=2-21;cols=5-23,7.719,15,15,0,rows=4-23;cols=1-23,8.208,16,16,0,rows=4-23;cols=0-23,8.210,5,0.200000,7,0.291667,6,0.240000
GQA_13555860,gqa,13555860,ours_only_recovery,16,16,0,rows=0-21;cols=3-23,8.527,16,16,0,rows=0-23;cols=3-23,8.743,17,17,0,rows=4-23;cols=4-23,7.054,6,0.230769,6,0.222222,5,0.178571
GQA_03999583,gqa,03999583,ours_only_recovery,14,14,0,rows=0-23;cols=1-23,9.470,12,12,0,rows=0-23;cols=1-22,9.267,14,14,0,rows=6-20;cols=1-23,7.172,5,0.238095,7,0.333333,2,0.083333
GQA_13903982,gqa,13903982,ours_only_recovery,14,14,0,rows=2-23;cols=0-22,9.650,17,17,0,rows=4-23;cols=1-23,8.065,14,14,0,rows=4-23;cols=0-20,7.903,6,0.240000,4,0.166667,7,0.291667
GQA_11213611,gqa,11213611,ours_only_recovery,15,15,0,rows=0-23;cols=5-21,8.809,15,15,0,rows=0-23;cols=2-23,9.350,16,16,0,rows=8-23;cols=2-22,7.421,6,0.250000,7,0.291667,8,0.347826
GQA_14796654,gqa,14796654,ours_only_recovery,14,14,0,rows=0-21;cols=0-23,9.161,16,16,0,rows=0-21;cols=1-23,6.911,15,15,0,rows=2-21;cols=0-23,7.972,6,0.250000,4,0.160000,5,0.192308
GQA_11877740,gqa,11877740,ours_only_recovery,16,16,0,rows=1-22;cols=0-23,9.096,13,13,0,rows=6-22;cols=2-23,8.219,15,15,0,rows=8-22;cols=0-20,7.284,6,0.260870,6,0.240000,6,0.272727
GQA_03318439,gqa,03318439,ours_only_recovery,14,14,0,rows=3-23;cols=4-23,8.892,17,17,0,rows=3-23;cols=4-20,7.230,14,14,0,rows=4-23;cols=0-23,7.847,7,0.291667,5,0.217391,8,0.347826
GQA_04914337,gqa,04914337,ours_only_recovery,16,16,0,rows=0-22;cols=6-22,7.655,14,14,0,rows=0-21;cols=1-23,7.382,14,14,0,rows=4-23;cols=0-23,6.394,7,0.304348,7,0.304348,7,0.333333
GQA_08721530,gqa,08721530,ours_only_recovery,14,14,0,rows=0-19;cols=0-23,7.173,15,15,0,rows=0-20;cols=0-23,8.118,15,15,0,rows=4-22;cols=0-23,7.790,7,0.318182,5,0.208333,4,0.153846
GQA_0711980,gqa,0711980,ours_only_recovery,16,16,0,rows=0-23;cols=1-19,7.760,16,16,0,rows=0-23;cols=1-23,8.557,16,16,0,rows=6-21;cols=1-23,7.060,8,0.333333,3,0.103448,8,0.333333
GQA_13708423,gqa,13708423,ours_only_recovery,15,15,0,rows=0-21;cols=4-23,9.405,13,13,0,rows=2-21;cols=1-23,9.559,15,15,0,rows=7-21;cols=1-23,9.485,7,0.333333,7,0.304348,8,0.400000
GQA_171019332,gqa,171019332,ours_only_recovery,15,15,0,rows=5-20;cols=5-21,6.632,13,13,0,rows=5-20;cols=5-23,6.213,15,15,0,rows=7-20;cols=6-20,4.517,7,0.333333,7,0.304348,6,0.272727
GQA_13325336,gqa,13325336,ours_only_recovery,15,15,0,rows=0-23;cols=1-23,9.722,16,16,0,rows=0-23;cols=1-23,8.743,16,16,0,rows=7-22;cols=0-23,7.751,8,0.347826,5,0.192308,6,0.230769
GQA_00364708,gqa,00364708,ours_only_recovery,17,17,0,rows=8-23;cols=4-22,5.051,17,17,0,rows=3-23;cols=4-23,6.720,16,16,0,rows=6-23;cols=4-20,7.230,9,0.360000,5,0.178571,5,0.178571
GQA_05657295,gqa,05657295,ours_only_recovery,15,15,0,rows=0-21;cols=1-21,9.148,15,15,0,rows=2-21;cols=1-21,8.011,13,13,0,rows=7-20;cols=5-21,6.231,8,0.363636,5,0.217391,5,0.217391
GQA_05755427,gqa,05755427,ours_only_recovery,17,17,0,rows=3-23;cols=4-23,6.988,13,13,0,rows=3-23;cols=4-23,7.962,15,15,0,rows=3-21;cols=5-23,6.615,8,0.363636,7,0.280000,7,0.333333
GQA_17723926,gqa,17723926,ours_only_recovery,15,15,0,rows=0-21;cols=1-22,9.018,15,15,0,rows=0-21;cols=1-21,8.299,12,12,0,rows=9-21;cols=1-20,7.000,8,0.363636,6,0.285714,5,0.227273
GQA_09270639,gqa,09270639,ours_only_recovery,11,11,0,rows=3-22;cols=2-22,6.191,15,15,0,rows=3-23;cols=2-23,7.311,14,14,0,rows=3-22;cols=2-18,5.767,7,0.368421,6,0.315789,7,0.318182
GQA_09107750,gqa,09107750,ours_only_recovery,17,17,0,rows=0-23;cols=1-21,6.832,16,16,0,rows=0-23;cols=0-21,7.222,16,16,0,rows=6-23;cols=0-21,6.126,9,0.375000,8,0.320000,9,0.391304
GQA_14106572,gqa,14106572,ours_only_recovery,17,17,0,rows=6-23;cols=0-22,8.036,16,16,0,rows=5-23;cols=0-23,8.269,17,17,0,rows=2-23;cols=0-23,8.912,9,0.375000,8,0.307692,10,0.434783
GQA_121053041,gqa,121053041,ours_only_recovery,13,13,0,rows=0-23;cols=3-23,9.163,16,16,0,rows=0-23;cols=2-23,9.269,17,17,0,rows=3-23;cols=3-23,8.948,8,0.380952,5,0.200000,9,0.375000
GQA_1525400,gqa,1525400,ours_only_recovery,16,16,0,rows=0-19;cols=2-23,8.704,13,13,0,rows=0-23;cols=1-22,9.164,15,15,0,rows=2-23;cols=1-23,8.227,8,0.380952,6,0.240000,5,0.217391
GQA_02988553,gqa,02988553,ours_only_recovery,14,14,0,rows=0-23;cols=0-20,7.677,11,11,0,rows=0-23;cols=5-16,7.661,13,13,0,rows=7-20;cols=2-23,7.051,7,0.388889,3,0.125000,4,0.200000
GQA_041055575,gqa,041055575,ours_only_recovery,16,16,0,rows=2-23;cols=2-20,7.644,16,16,0,rows=2-23;cols=2-23,7.802,16,16,0,rows=2-23;cols=4-23,5.312,9,0.391304,7,0.280000,8,0.333333
GQA_04897435,gqa,04897435,ours_only_recovery,16,16,0,rows=0-23;cols=3-22,7.979,16,16,0,rows=0-23;cols=0-22,8.209,14,14,0,rows=0-18;cols=0-15,5.645,9,0.391304,3,0.111111,8,0.363636
GQA_06840857,gqa,06840857,ours_only_recovery,17,17,0,rows=0-21;cols=1-23,7.232,15,15,0,rows=0-21;cols=1-23,7.978,14,14,0,rows=7-21;cols=6-23,6.123,9,0.391304,8,0.347826,7,0.318182
GQA_17829889,gqa,17829889,ours_only_recovery,16,16,0,rows=0-21;cols=0-20,6.831,16,16,0,rows=0-21;cols=0-22,7.519,17,17,0,rows=8-20;cols=0-19,5.832,9,0.391304,9,0.375000,7,0.269231
GQA_19904667,gqa,19904667,ours_only_recovery,17,17,0,rows=0-21;cols=0-23,9.166,15,15,0,rows=0-21;cols=0-22,8.913,15,15,0,rows=6-21;cols=0-22,7.662,9,0.391304,6,0.230769,5,0.200000
POPE_adversarial_287,pope,adversarial_287,ours_only_recovery,16,16,0,rows=0-23;cols=2-22,8.519,16,16,0,rows=0-19;cols=0-22,8.273,16,16,0,rows=0-19;cols=4-23,7.011,9,0.391304,5,0.185185,6,0.230769
POPE_popular_287,pope,popular_287,ours_only_recovery,16,16,0,rows=0-23;cols=2-22,8.519,16,16,0,rows=0-19;cols=0-22,8.273,16,16,0,rows=0-19;cols=4-23,7.011,9,0.391304,5,0.185185,6,0.230769
POPE_random_272,pope,random_272,ours_only_recovery,16,16,0,rows=0-23;cols=2-22,8.519,16,16,0,rows=0-19;cols=0-22,8.273,16,16,0,rows=0-19;cols=4-23,7.011,9,0.391304,5,0.185185,6,0.230769
GQA_12977439,gqa,12977439,ours_only_recovery,15,15,0,rows=0-23;cols=6-23,8.243,13,13,0,rows=0-23;cols=6-22,8.900,15,15,0,rows=3-21;cols=4-22,6.768,8,0.400000,8,0.363636,7,0.333333
GQA_13904299,gqa,13904299,ours_only_recovery,15,15,0,rows=2-23;cols=2-20,7.866,13,13,0,rows=7-23;cols=2-23,6.583,17,17,0,rows=7-23;cols=2-20,5.758,8,0.400000,8,0.333333,8,0.363636
POPE_random_46,pope,random_46,ours_only_recovery,14,14,0,rows=0-23;cols=0-22,10.523,14,14,0,rows=0-23;cols=0-21,9.034,12,12,0,rows=0-20;cols=0-21,9.399,8,0.400000,5,0.238095,5,0.238095
GQA_09638418,gqa,09638418,ours_only_recovery,15,15,0,rows=1-23;cols=0-23,9.901,16,16,0,rows=1-23;cols=0-23,9.631,16,16,0,rows=8-23;cols=0-23,7.970,9,0.409091,7,0.291667,6,0.230769
GQA_181002748,gqa,181002748,ours_only_recovery,17,17,0,rows=0-23;cols=0-22,9.319,17,17,0,rows=0-21;cols=1-23,9.741,17,17,0,rows=4-23;cols=0-22,8.608,10,0.416667,10,0.416667,10,0.416667
GQA_03948744,gqa,03948744,ours_only_recovery,13,13,0,rows=0-23;cols=5-23,9.215,14,14,0,rows=0-23;cols=7-23,7.943,15,15,0,rows=7-23;cols=7-23,7.315,8,0.421053,4,0.166667,8,0.380952
GQA_08591059,gqa,08591059,ours_only_recovery,15,15,0,rows=0-21;cols=3-20,6.869,12,12,0,rows=0-21;cols=3-23,9.131,11,11,0,rows=8-20;cols=8-23,5.222,8,0.421053,5,0.238095,3,0.150000
GQA_12889581,gqa,12889581,ours_only_recovery,12,12,0,rows=8-20;cols=0-21,7.262,15,15,0,rows=4-23;cols=0-21,7.257,13,13,0,rows=3-23;cols=2-20,7.024,8,0.421053,4,0.190476,6,0.272727
GQA_12517931,gqa,12517931,ours_only_recovery,16,16,0,rows=1-21;cols=0-23,8.557,14,14,0,rows=1-23;cols=0-23,9.550,14,14,0,rows=1-23;cols=5-20,7.145,9,0.428571,4,0.153846,3,0.120000
GQA_17863592,gqa,17863592,ours_only_recovery,14,14,0,rows=0-23;cols=1-23,7.770,12,12,0,rows=0-23;cols=1-20,6.959,13,13,0,rows=12-23;cols=1-20,6.009,8,0.444444,7,0.350000,5,0.250000
GQA_08948215,gqa,08948215,ours_only_recovery,16,16,0,rows=1-22;cols=0-16,8.118,13,13,0,rows=5-22;cols=0-16,7.009,14,14,0,rows=6-20;cols=1-20,5.824,9,0.450000,2,0.071429,4,0.173913
GQA_09720875,gqa,09720875,ours_only_recovery,14,14,0,rows=1-21;cols=0-22,9.061,15,15,0,rows=1-21;cols=0-22,7.408,14,14,0,rows=1-22;cols=2-15,6.318,9,0.450000,5,0.217391,7,0.318182
GQA_08470583,gqa,08470583,ours_only_recovery,16,16,0,rows=0-20;cols=0-22,8.496,16,16,0,rows=0-20;cols=0-18,7.946,15,15,0,rows=6-20;cols=0-23,7.534,10,0.454545,6,0.240000,5,0.192308
POPE_random_455,pope,random_455,ours_only_recovery,17,17,0,rows=0-23;cols=1-21,9.186,15,15,0,rows=0-23;cols=1-22,9.420,16,16,0,rows=3-21;cols=4-22,8.004,10,0.454545,4,0.137931,7,0.291667
GQA_01332184,gqa,01332184,ours_only_recovery,12,12,0,rows=5-23;cols=0-22,8.580,16,16,0,rows=4-23;cols=0-23,7.873,16,16,0,rows=8-23;cols=2-20,5.999,9,0.473684,4,0.166667,4,0.142857
GQA_17150206,gqa,17150206,ours_only_recovery,13,13,0,rows=2-23;cols=1-22,8.335,15,15,0,rows=7-23;cols=6-22,7.141,14,14,0,rows=7-18;cols=2-22,6.695,9,0.473684,5,0.227273,9,0.450000
GQA_00665875,gqa,00665875,ours_only_recovery,15,15,0,rows=2-23;cols=4-22,9.802,16,16,0,rows=2-23;cols=0-22,8.716,16,16,0,rows=2-23;cols=0-23,8.400,10,0.476190,6,0.240000,8,0.333333
GQA_09730767,gqa,09730767,ours_only_recovery,16,16,0,rows=2-20;cols=0-23,8.538,15,15,0,rows=0-22;cols=0-23,8.633,14,14,0,rows=0-20;cols=5-23,8.611,10,0.476190,7,0.304348,5,0.208333
GQA_02756135,gqa,02756135,ours_only_recovery,17,17,0,rows=7-23;cols=0-23,7.515,16,16,0,rows=6-23;cols=0-23,7.012,17,17,0,rows=6-23;cols=0-23,7.323,11,0.500000,11,0.478261,11,0.500000
GQA_07848987,gqa,07848987,ours_only_recovery,16,16,0,rows=4-22;cols=2-23,7.739,17,17,0,rows=4-23;cols=2-20,7.074,16,16,0,rows=6-23;cols=4-18,6.021,11,0.500000,9,0.391304,8,0.320000
GQA_07886813,gqa,07886813,ours_only_recovery,17,17,0,rows=0-23;cols=0-20,6.850,16,16,0,rows=0-23;cols=0-20,6.818,17,17,0,rows=7-23;cols=0-19,6.034,11,0.500000,11,0.478261,6,0.222222
GQA_16208191,gqa,16208191,ours_only_recovery,16,16,0,rows=0-23;cols=5-23,8.058,17,17,0,rows=0-23;cols=0-23,8.438,16,16,0,rows=6-23;cols=5-23,6.434,11,0.500000,7,0.280000,9,0.375000
GQA_17298997,gqa,17298997,ours_only_recovery,14,14,0,rows=0-23;cols=1-20,8.699,16,16,0,rows=0-23;cols=0-23,9.066,14,14,0,rows=3-23;cols=0-23,7.819,10,0.500000,6,0.272727,8,0.363636
GQA_01192064,gqa,01192064,ours_only_recovery,17,17,0,rows=2-23;cols=0-21,7.137,15,15,0,rows=2-23;cols=3-23,8.036,14,14,0,rows=9-23;cols=0-21,6.863,11,0.523810,9,0.409091,5,0.208333
GQA_03992241,gqa,03992241,ours_only_recovery,16,16,0,rows=0-23;cols=1-21,9.607,16,16,0,rows=0-21;cols=0-20,9.350,15,15,0,rows=2-21;cols=0-21,7.587,11,0.523810,5,0.192308,6,0.240000
GQA_05831816,gqa,05831816,ours_only_recovery,16,16,0,rows=2-23;cols=0-22,9.291,16,16,0,rows=2-23;cols=0-22,9.047,14,14,0,rows=6-21;cols=4-22,6.858,11,0.523810,6,0.250000,8,0.363636
GQA_09614107,gqa,09614107,ours_only_recovery,17,17,0,rows=0-21;cols=0-23,10.095,15,15,0,rows=0-21;cols=0-22,9.363,13,13,0,rows=0-20;cols=2-22,8.901,11,0.523810,7,0.304348,8,0.400000
GQA_111042356,gqa,111042356,ours_only_recovery,16,16,0,rows=1-22;cols=0-22,8.318,16,16,0,rows=1-23;cols=0-22,7.896,16,16,0,rows=7-23;cols=4-18,4.834,11,0.523810,6,0.230769,7,0.280000
GQA_18951821,gqa,18951821,ours_only_recovery,17,17,0,rows=7-23;cols=6-23,6.551,15,15,0,rows=7-21;cols=1-23,7.430,15,15,0,rows=9-21;cols=4-23,6.842,11,0.523810,7,0.280000,7,0.304348
GQA_04763441,gqa,04763441,ours_only_recovery,15,15,0,rows=0-22;cols=1-22,9.293,14,14,0,rows=0-22;cols=1-22,8.484,14,14,0,rows=0-20;cols=1-23,7.296,10,0.526316,6,0.260870,6,0.272727
GQA_05481736,gqa,05481736,ours_only_recovery,16,16,0,rows=6-23;cols=4-20,7.753,13,13,0,rows=6-23;cols=4-20,6.950,14,14,0,rows=5-23;cols=5-23,7.014,10,0.526316,6,0.250000,5,0.227273
GQA_0331971,gqa,0331971,ours_only_recovery,12,12,0,rows=1-21;cols=1-22,8.102,14,14,0,rows=1-21;cols=1-22,7.996,14,14,0,rows=1-21;cols=5-22,5.903,9,0.529412,4,0.181818,6,0.272727
GQA_17786365,gqa,17786365,ours_only_recovery,16,16,0,rows=0-23;cols=4-21,7.849,15,15,0,rows=0-23;cols=4-22,8.085,17,17,0,rows=7-21;cols=7-22,6.198,11,0.550000,10,0.434783,8,0.333333
GQA_03472445,gqa,03472445,ours_only_recovery,14,14,0,rows=0-21;cols=0-23,8.469,14,14,0,rows=0-21;cols=0-23,7.877,15,15,0,rows=6-20;cols=0-21,7.486,10,0.555556,6,0.260870,8,0.380952
GQA_0348061,gqa,0348061,ours_only_recovery,14,14,0,rows=0-23;cols=0-20,10.605,14,14,0,rows=0-23;cols=0-20,10.108,14,14,0,rows=3-19;cols=0-23,8.784,10,0.555556,4,0.166667,3,0.120000
GQA_03104844,gqa,03104844,ours_only_recovery,12,12,0,rows=5-23;cols=1-20,6.268,13,13,0,rows=5-23;cols=1-20,7.649,15,15,0,rows=2-21;cols=0-23,8.219,9,0.562500,3,0.125000,5,0.217391
GQA_11283638,gqa,11283638,ours_only_recovery,11,11,0,rows=8-21;cols=0-20,7.976,14,14,0,rows=8-23;cols=0-20,8.037,13,13,0,rows=4-23;cols=0-20,7.571,9,0.562500,4,0.200000,6,0.285714
GQA_14768956,gqa,14768956,ours_only_recovery,17,17,0,rows=5-23;cols=0-19,6.223,16,16,0,rows=5-23;cols=2-19,5.974,17,17,0,rows=5-23;cols=0-15,4.255,12,0.571429,7,0.259259,8,0.320000
GQA_15418555,gqa,15418555,ours_only_recovery,17,17,0,rows=10-21;cols=3-23,6.417,16,16,0,rows=7-21;cols=3-18,5.592,17,17,0,rows=7-20;cols=4-23,6.025,12,0.571429,8,0.307692,6,0.222222
GQA_16581340,gqa,16581340,ours_only_recovery,17,17,0,rows=2-22;cols=3-23,8.399,16,16,0,rows=2-22;cols=3-23,7.842,17,17,0,rows=2-20;cols=2-23,7.413,12,0.571429,7,0.259259,9,0.375000
POPE_adversarial_54,pope,adversarial_54,ours_only_recovery,15,15,0,rows=0-21;cols=3-23,8.428,15,15,0,rows=0-20;cols=3-23,8.427,16,16,0,rows=0-19;cols=3-23,7.211,11,0.578947,6,0.240000,9,0.409091
GQA_06996662,gqa,06996662,ours_only_recovery,15,15,0,rows=2-23;cols=2-20,6.951,12,12,0,rows=2-21;cols=2-20,7.436,14,14,0,rows=2-23;cols=2-17,6.261,10,0.588235,9,0.450000,7,0.368421
POPE_adversarial_21,pope,adversarial_21,ours_only_recovery,14,14,0,rows=2-23;cols=6-20,7.969,13,13,0,rows=4-23;cols=6-20,7.244,14,14,0,rows=5-23;cols=7-18,6.727,10,0.588235,6,0.272727,6,0.285714
POPE_popular_21,pope,popular_21,ours_only_recovery,14,14,0,rows=2-23;cols=6-20,7.969,13,13,0,rows=4-23;cols=6-20,7.244,14,14,0,rows=5-23;cols=7-18,6.727,10,0.588235,6,0.272727,6,0.285714
POPE_random_20,pope,random_20,ours_only_recovery,14,14,0,rows=2-23;cols=6-20,7.969,13,13,0,rows=4-23;cols=6-20,7.244,14,14,0,rows=5-23;cols=7-18,6.727,10,0.588235,6,0.272727,6,0.285714
GQA_11714261,gqa,11714261,ours_only_recovery,16,16,0,rows=0-23;cols=5-20,7.806,16,16,0,rows=0-23;cols=5-21,7.937,16,16,0,rows=5-23;cols=5-22,6.450,12,0.600000,6,0.230769,6,0.230769
GQA_0820641,gqa,0820641,ours_only_recovery,15,15,0,rows=3-22;cols=5-20,6.653,14,14,0,rows=3-22;cols=0-19,7.073,15,15,0,rows=6-22;cols=3-23,7.277,11,0.611111,8,0.363636,6,0.260870
GQA_07949285,gqa,07949285,ours_only_recovery,16,16,0,rows=1-23;cols=0-20,7.222,15,15,0,rows=3-23;cols=0-20,6.859,12,12,0,rows=11-19;cols=1-20,4.153,12,0.631579,6,0.272727,5,0.227273
GQA_10518347,gqa,10518347,ours_only_recovery,16,16,0,rows=0-22;cols=0-23,8.378,12,12,0,rows=0-22;cols=0-21,8.215,16,16,0,rows=4-22;cols=2-21,7.113,11,0.647059,7,0.280000,6,0.272727
GQA_02205440,gqa,02205440,ours_only_recovery,17,17,0,rows=0-22;cols=1-23,9.578,17,17,0,rows=0-22;cols=0-23,10.095,17,17,0,rows=3-21;cols=0-23,9.304,14,0.700000,10,0.416667,10,0.416667
GQA_01878378,gqa,01878378,ours_only_recovery,17,17,0,rows=2-22;cols=0-22,8.680,16,16,0,rows=2-22;cols=0-22,9.358,15,15,0,rows=7-23;cols=2-22,7.827,14,0.736842,7,0.280000,7,0.291667
GQA_16196419,gqa,16196419,ours_only_recovery,15,15,0,rows=2-19;cols=0-22,7.734,15,15,0,rows=2-22;cols=0-22,8.311,15,15,0,rows=4-19;cols=1-20,7.054,13,0.764706,7,0.304348,7,0.304348
GQA_06122733,gqa,06122733,ours_only_recovery,13,13,0,rows=2-21;cols=0-20,8.483,15,15,0,rows=4-21;cols=1-20,6.271,16,16,0,rows=9-21;cols=1-20,5.887,4,0.166667,4,0.160000,9,0.409091
POPE_adversarial_358,pope,adversarial_358,ours_only_recovery,14,14,0,rows=1-23;cols=0-21,8.028,15,15,0,rows=2-23;cols=5-21,6.574,15,15,0,rows=2-21;cols=5-23,8.245,5,0.208333,4,0.160000,8,0.363636
POPE_popular_360,pope,popular_360,ours_only_recovery,14,14,0,rows=1-23;cols=0-21,8.028,15,15,0,rows=2-23;cols=5-21,6.574,15,15,0,rows=2-21;cols=5-23,8.245,5,0.208333,4,0.160000,8,0.363636
POPE_random_342,pope,random_342,ours_only_recovery,16,16,0,rows=2-23;cols=0-21,7.274,16,16,0,rows=2-23;cols=5-22,6.879,14,14,0,rows=2-21;cols=6-23,8.178,6,0.230769,6,0.250000,7,0.304348
GQA_111008682,gqa,111008682,ours_only_recovery,15,15,0,rows=7-22;cols=1-23,7.324,15,15,0,rows=1-23;cols=3-23,8.439,14,14,0,rows=9-22;cols=3-19,6.969,6,0.250000,6,0.260870,5,0.208333
GQA_00364759,gqa,00364759,ours_only_recovery,17,17,0,rows=8-23;cols=4-22,5.647,15,15,0,rows=3-22;cols=4-22,6.471,16,16,0,rows=3-23;cols=4-20,7.123,7,0.280000,6,0.222222,7,0.291667
GQA_12334219,gqa,12334219,ours_only_recovery,16,16,0,rows=0-23;cols=3-23,7.926,14,14,0,rows=0-23;cols=3-16,6.725,15,15,0,rows=8-23;cols=1-16,6.231,7,0.304348,7,0.291667,9,0.450000
GQA_04781051,gqa,04781051,ours_only_recovery,14,14,0,rows=4-23;cols=3-23,7.266,14,14,0,rows=4-23;cols=1-23,8.453,15,15,0,rows=4-21;cols=0-20,6.738,7,0.333333,6,0.260870,6,0.260870
GQA_00883150,gqa,00883150,ours_only_recovery,16,16,0,rows=0-22;cols=0-23,10.141,15,15,0,rows=0-22;cols=0-19,7.501,14,14,0,rows=0-20;cols=0-18,6.328,8,0.347826,5,0.200000,10,0.526316
GQA_02309173,gqa,02309173,ours_only_recovery,16,16,0,rows=2-21;cols=0-23,9.428,15,15,0,rows=3-23;cols=1-23,8.736,17,17,0,rows=2-23;cols=0-23,8.080,8,0.347826,7,0.269231,7,0.280000
GQA_06587004,gqa,06587004,ours_only_recovery,16,16,0,rows=1-21;cols=1-23,8.859,15,15,0,rows=1-23;cols=1-23,9.794,14,14,0,rows=1-23;cols=2-23,7.971,8,0.347826,5,0.200000,6,0.260870
GQA_10925224,gqa,10925224,ours_only_recovery,15,15,0,rows=2-23;cols=1-22,9.770,16,16,0,rows=3-23;cols=0-22,7.840,16,16,0,rows=9-21;cols=0-22,6.934,8,0.347826,6,0.240000,11,0.523810
GQA_04354321,gqa,04354321,ours_only_recovery,16,16,0,rows=0-23;cols=1-23,8.242,14,14,0,rows=0-22;cols=0-23,8.788,16,16,0,rows=7-23;cols=0-23,8.453,8,0.363636,5,0.185185,4,0.153846
GQA_19321644,gqa,19321644,ours_only_recovery,15,15,0,rows=3-21;cols=0-22,8.150,15,15,0,rows=3-23;cols=4-22,7.510,16,16,0,rows=6-23;cols=4-23,8.147,8,0.363636,5,0.192308,8,0.347826
GQA_06199707,gqa,06199707,ours_only_recovery,16,16,0,rows=2-23;cols=0-23,9.180,17,17,0,rows=2-23;cols=0-23,8.867,16,16,0,rows=2-23;cols=4-17,7.353,9,0.375000,5,0.185185,6,0.222222
GQA_09880084,gqa,09880084,ours_only_recovery,14,14,0,rows=9-23;cols=3-22,6.502,15,15,0,rows=6-23;cols=3-22,7.309,12,12,0,rows=2-23;cols=0-22,8.665,8,0.380952,3,0.130435,6,0.285714
GQA_06861548,gqa,06861548,ours_only_recovery,17,17,0,rows=0-23;cols=0-20,6.865,15,15,0,rows=0-23;cols=0-20,7.413,14,14,0,rows=7-23;cols=0-18,5.204,9,0.391304,7,0.291667,5,0.208333
GQA_08842779,gqa,08842779,ours_only_recovery,17,17,0,rows=0-20;cols=3-23,8.278,15,15,0,rows=0-23;cols=3-22,7.339,16,16,0,rows=6-23;cols=2-18,7.033,9,0.391304,6,0.222222,4,0.148148
POPE_adversarial_43,pope,adversarial_43,ours_only_recovery,14,14,0,rows=0-23;cols=0-22,9.565,10,10,0,rows=0-20;cols=0-20,9.217,13,13,0,rows=0-20;cols=0-20,8.640,7,0.411765,7,0.350000,8,0.533333
POPE_popular_43,pope,popular_43,ours_only_recovery,14,14,0,rows=0-23;cols=0-22,9.565,10,10,0,rows=0-20;cols=0-20,9.217,13,13,0,rows=0-20;cols=0-20,8.640,7,0.411765,7,0.350000,8,0.533333
GQA_101022616,gqa,101022616,ours_only_recovery,17,17,0,rows=0-21;cols=1-20,9.655,17,17,0,rows=0-23;cols=2-23,9.393,16,16,0,rows=0-20;cols=0-21,8.767,10,0.416667,6,0.222222,7,0.269231
GQA_13711591,gqa,13711591,ours_only_recovery,13,13,0,rows=1-23;cols=2-22,9.635,14,14,0,rows=1-23;cols=2-22,9.743,16,16,0,rows=2-23;cols=5-22,8.151,8,0.421053,5,0.208333,8,0.363636
GQA_08607019,gqa,08607019,ours_only_recovery,16,16,0,rows=0-21;cols=0-23,8.644,14,14,0,rows=0-21;cols=1-23,9.719,13,13,0,rows=6-20;cols=0-23,7.805,9,0.428571,4,0.160000,4,0.173913
GQA_04722449,gqa,04722449,ours_only_recovery,17,17,0,rows=0-21;cols=5-20,7.860,16,16,0,rows=0-21;cols=5-20,7.482,17,17,0,rows=8-21;cols=0-20,6.212,10,0.434783,8,0.307692,10,0.434783
GQA_15327538,gqa,15327538,ours_only_recovery,17,17,0,rows=1-22;cols=1-23,7.737,16,16,0,rows=1-22;cols=4-23,7.754,17,17,0,rows=3-22;cols=5-22,6.646,10,0.434783,6,0.214286,7,0.269231
GQA_19609252,gqa,19609252,ours_only_recovery,16,16,0,rows=11-23;cols=0-18,5.218,17,17,0,rows=11-23;cols=0-18,5.293,17,17,0,rows=11-20;cols=5-17,3.640,10,0.434783,9,0.375000,10,0.416667
GQA_19459620,gqa,19459620,ours_only_recovery,11,11,0,rows=0-23;cols=0-23,9.026,15,15,0,rows=0-23;cols=2-23,8.980,13,13,0,rows=7-23;cols=0-23,8.225,8,0.444444,4,0.200000,11,0.647059
GQA_16740814,gqa,16740814,ours_only_recovery,15,15,0,rows=2-23;cols=7-21,6.425,14,14,0,rows=4-23;cols=1-20,8.067,16,16,0,rows=7-23;cols=5-23,6.914,9,0.450000,5,0.192308,8,0.363636
GQA_01707797,gqa,01707797,ours_only_recovery,15,15,0,rows=0-21;cols=0-23,10.174,17,17,0,rows=0-21;cols=1-20,8.140,15,15,0,rows=8-20;cols=0-18,8.049,10,0.454545,6,0.250000,8,0.333333
GQA_10926906,gqa,10926906,ours_only_recovery,16,16,0,rows=11-23;cols=0-22,6.433,16,16,0,rows=9-23;cols=0-23,7.265,15,15,0,rows=3-23;cols=6-17,5.432,10,0.454545,4,0.148148,5,0.192308
POPE_random_41,pope,random_41,ours_only_recovery,14,14,0,rows=0-23;cols=0-22,9.565,11,11,0,rows=0-23;cols=0-20,9.596,13,13,0,rows=0-20;cols=0-20,8.640,8,0.470588,7,0.350000,8,0.500000
GQA_19321469,gqa,19321469,ours_only_recovery,16,16,0,rows=0-23;cols=1-22,7.335,15,15,0,rows=0-23;cols=0-23,8.365,16,16,0,rows=3-20;cols=1-23,6.836,10,0.476190,7,0.280000,6,0.240000
GQA_19621613,gqa,19621613,ours_only_recovery,15,15,0,rows=2-23;cols=9-22,6.472,16,16,0,rows=2-23;cols=0-20,6.743,14,14,0,rows=3-21;cols=0-22,6.518,10,0.476190,5,0.208333,9,0.428571
GQA_08209617,gqa,08209617,ours_only_recovery,13,13,0,rows=0-23;cols=3-20,8.012,17,17,0,rows=0-23;cols=0-23,8.875,15,15,0,rows=4-23;cols=0-23,7.399,10,0.500000,5,0.217391,9,0.391304
GQA_12182738,gqa,12182738,ours_only_recovery,17,17,0,rows=10-23;cols=2-23,6.242,17,17,0,rows=7-23;cols=2-23,7.274,17,17,0,rows=7-23;cols=5-23,7.507,12,0.545455,8,0.307692,9,0.360000
GQA_09687018,gqa,09687018,ours_only_recovery,15,15,0,rows=0-23;cols=0-17,8.871,16,16,0,rows=0-23;cols=0-17,8.724,16,16,0,rows=0-23;cols=3-17,6.405,11,0.550000,6,0.240000,7,0.280000
GQA_17583135,gqa,17583135,ours_only_recovery,17,17,0,rows=0-23;cols=1-23,8.867,16,16,0,rows=4-23;cols=1-23,8.654,15,15,0,rows=4-23;cols=1-23,7.863,12,0.571429,8,0.333333,8,0.347826
POPE_adversarial_138,pope,adversarial_138,ours_only_recovery,15,15,0,rows=0-23;cols=1-20,9.934,15,15,0,rows=0-23;cols=1-19,8.308,14,14,0,rows=4-23;cols=3-23,7.477,11,0.578947,6,0.260870,8,0.380952
GQA_11192664,gqa,11192664,ours_only_recovery,13,13,0,rows=3-23;cols=1-20,8.617,14,14,0,rows=3-23;cols=0-20,9.605,16,16,0,rows=3-21;cols=1-23,8.239,10,0.588235,8,0.380952,7,0.304348
GQA_01521286,gqa,01521286,ours_only_recovery,16,16,0,rows=0-23;cols=0-20,9.564,13,13,0,rows=0-23;cols=0-20,9.034,15,15,0,rows=4-21;cols=0-23,9.042,11,0.611111,6,0.240000,6,0.272727
GQA_08235774,gqa,08235774,ours_only_recovery,14,14,0,rows=2-23;cols=0-20,8.357,15,15,0,rows=6-23;cols=4-20,7.236,13,13,0,rows=7-23;cols=0-17,6.714,11,0.611111,9,0.500000,10,0.555556
GQA_14524168,gqa,14524168,ours_only_recovery,17,17,0,rows=8-23;cols=3-22,6.838,17,17,0,rows=3-23;cols=3-22,7.631,17,17,0,rows=3-23;cols=7-23,7.039,13,0.619048,7,0.259259,7,0.259259
GQA_08965047,gqa,08965047,ours_only_recovery,15,15,0,rows=0-22;cols=0-20,7.866,16,16,0,rows=0-22;cols=0-21,8.033,16,16,0,rows=3-22;cols=0-20,5.773,13,0.722222,9,0.409091,11,0.523810
GQA_01961352,gqa,01961352,ours_only_recovery,17,17,0,rows=1-21;cols=0-23,8.013,17,17,0,rows=1-21;cols=0-23,7.904,13,13,0,rows=2-21;cols=0-17,5.908,15,0.789474,6,0.250000,8,0.363636
GQA_131059245,gqa,131059245,ours_and_threshold_recovery,15,15,0,rows=0-19;cols=1-20,8.391,14,14,0,rows=0-21;cols=0-19,7.588,17,17,0,rows=2-20;cols=4-19,6.425,5,0.208333,6,0.230769,8,0.347826
GQA_06270739,gqa,06270739,ours_and_threshold_recovery,17,17,0,rows=0-23;cols=0-20,8.631,16,16,0,rows=0-23;cols=2-21,7.556,17,17,0,rows=6-23;cols=0-23,8.084,6,0.222222,7,0.259259,10,0.434783
GQA_07477538,gqa,07477538,ours_and_threshold_recovery,17,17,0,rows=0-23;cols=2-22,9.119,16,16,0,rows=4-21;cols=1-23,8.280,16,16,0,rows=4-23;cols=0-23,8.396,6,0.222222,7,0.269231,7,0.280000
GQA_1014659,gqa,1014659,ours_and_threshold_recovery,17,17,0,rows=4-23;cols=0-23,8.968,16,16,0,rows=4-20;cols=0-20,7.283,17,17,0,rows=4-20;cols=0-20,7.298,6,0.222222,8,0.307692,8,0.320000
GQA_18318390,gqa,18318390,ours_and_threshold_recovery,14,14,0,rows=1-23;cols=0-23,9.800,13,13,0,rows=2-22;cols=0-22,8.247,13,13,0,rows=6-21;cols=0-23,8.070,5,0.227273,6,0.285714,5,0.238095
GQA_15667986,gqa,15667986,ours_and_threshold_recovery,16,16,0,rows=6-22;cols=0-22,7.228,16,16,0,rows=6-23;cols=0-20,7.286,17,17,0,rows=6-23;cols=2-20,6.390,6,0.230769,3,0.100000,8,0.320000
GQA_09836438,gqa,09836438,ours_and_threshold_recovery,13,13,0,rows=0-20;cols=4-23,8.083,13,13,0,rows=1-23;cols=2-23,6.426,12,12,0,rows=1-20;cols=8-17,4.771,5,0.238095,5,0.250000,6,0.315789
GQA_171054014,gqa,171054014,ours_and_threshold_recovery,16,16,0,rows=1-21;cols=1-23,8.112,15,15,0,rows=1-20;cols=2-23,7.592,14,14,0,rows=1-21;cols=6-21,6.899,6,0.240000,7,0.304348,6,0.260870
GQA_19693888,gqa,19693888,ours_and_threshold_recovery,16,16,0,rows=1-23;cols=1-18,8.284,15,15,0,rows=1-23;cols=1-19,8.171,15,15,0,rows=1-19;cols=2-18,6.714,6,0.240000,8,0.347826,10,0.500000
GQA_07250999,gqa,07250999,ours_and_threshold_recovery,17,17,0,rows=1-22;cols=1-23,8.135,13,13,0,rows=7-22;cols=6-23,6.697,15,15,0,rows=3-22;cols=2-22,6.361,6,0.250000,7,0.280000,7,0.333333
POPE_adversarial_493,pope,adversarial_493,ours_and_threshold_recovery,16,16,0,rows=0-22;cols=6-20,5.421,14,14,0,rows=0-23;cols=0-23,7.937,14,14,0,rows=0-21;cols=5-22,6.139,6,0.250000,4,0.153846,5,0.217391
POPE_popular_493,pope,popular_493,ours_and_threshold_recovery,16,16,0,rows=0-22;cols=6-20,5.421,14,14,0,rows=0-23;cols=0-23,7.937,14,14,0,rows=0-21;cols=4-22,6.526,6,0.250000,4,0.153846,5,0.217391
POPE_random_475,pope,random_475,ours_and_threshold_recovery,16,16,0,rows=0-22;cols=6-20,5.421,14,14,0,rows=0-23;cols=0-23,7.937,15,15,0,rows=0-21;cols=4-22,6.361,6,0.250000,4,0.148148,5,0.208333
GQA_07383471,gqa,07383471,ours_and_threshold_recovery,16,16,0,rows=0-17;cols=1-21,7.543,13,13,0,rows=0-21;cols=4-23,8.424,15,15,0,rows=3-21;cols=3-20,6.944,6,0.260870,6,0.240000,5,0.217391
POPE_adversarial_366,pope,adversarial_366,ours_and_threshold_recovery,13,13,0,rows=13-22;cols=0-22,6.497,16,16,0,rows=1-23;cols=0-22,8.605,15,15,0,rows=4-23;cols=3-20,8.068,6,0.260870,5,0.217391,8,0.347826
POPE_adversarial_189,pope,adversarial_189,ours_and_threshold_recovery,17,17,0,rows=2-21;cols=0-20,7.577,16,16,0,rows=8-21;cols=1-21,6.307,16,16,0,rows=8-21;cols=0-20,5.230,7,0.269231,9,0.375000,8,0.333333
POPE_popular_189,pope,popular_189,ours_and_threshold_recovery,17,17,0,rows=2-21;cols=0-20,7.577,16,16,0,rows=8-21;cols=1-21,6.307,16,16,0,rows=8-21;cols=0-20,5.230,7,0.269231,9,0.375000,8,0.333333
POPE_random_179,pope,random_179,ours_and_threshold_recovery,17,17,0,rows=2-21;cols=0-20,7.577,16,16,0,rows=8-21;cols=1-21,6.307,16,16,0,rows=8-21;cols=0-20,5.230,7,0.269231,9,0.375000,8,0.333333
GQA_11546593,gqa,11546593,ours_and_threshold_recovery,13,13,0,rows=2-23;cols=4-23,8.334,15,15,0,rows=5-23;cols=7-23,7.460,14,14,0,rows=7-23;cols=6-23,6.683,6,0.272727,7,0.350000,9,0.450000
GQA_022324,gqa,022324,ours_and_threshold_recovery,16,16,0,rows=0-20;cols=4-22,7.964,16,16,0,rows=5-23;cols=0-22,8.497,16,16,0,rows=5-20;cols=0-22,8.375,7,0.280000,5,0.185185,8,0.333333
GQA_08161588,gqa,08161588,ours_and_threshold_recovery,16,16,0,rows=2-23;cols=1-23,9.318,16,16,0,rows=8-23;cols=0-23,8.992,16,16,0,rows=8-21;cols=0-23,8.722,7,0.280000,6,0.230769,9,0.391304
GQA_0984602,gqa,0984602,ours_and_threshold_recovery,17,17,0,rows=0-21;cols=0-23,11.316,15,15,0,rows=0-22;cols=0-22,9.739,14,14,0,rows=4-22;cols=0-23,9.776,7,0.280000,4,0.148148,7,0.318182
GQA_19637969,gqa,19637969,ours_and_threshold_recovery,16,16,0,rows=1-20;cols=0-19,8.082,16,16,0,rows=1-21;cols=0-22,8.198,15,15,0,rows=3-20;cols=3-20,6.501,7,0.280000,7,0.291667,5,0.192308
GQA_09344526,gqa,09344526,ours_and_threshold_recovery,12,12,0,rows=0-23;cols=1-19,10.310,15,15,0,rows=4-23;cols=2-23,6.472,16,16,0,rows=10-23;cols=2-22,5.904,6,0.285714,5,0.217391,10,0.476190
GQA_18318004,gqa,18318004,ours_and_threshold_recovery,13,13,0,rows=2-23;cols=7-23,8.822,14,14,0,rows=6-22;cols=6-22,6.934,14,14,0,rows=6-21;cols=5-23,7.567,6,0.285714,5,0.227273,7,0.333333
GQA_08830310,gqa,08830310,ours_and_threshold_recovery,16,16,0,rows=2-23;cols=0-20,6.597,15,15,0,rows=11-23;cols=1-22,5.790,14,14,0,rows=10-22;cols=0-20,6.143,7,0.291667,9,0.428571,7,0.318182
GQA_19901970,gqa,19901970,ours_and_threshold_recovery,14,14,0,rows=0-23;cols=0-20,9.451,17,17,0,rows=0-23;cols=0-23,9.112,16,16,0,rows=5-23;cols=0-22,8.019,7,0.291667,7,0.304348,6,0.222222
POPE_adversarial_397,pope,adversarial_397,ours_and_threshold_recovery,16,16,0,rows=5-23;cols=2-22,7.444,15,15,0,rows=5-23;cols=3-21,7.366,14,14,0,rows=9-21;cols=3-22,6.408,7,0.291667,3,0.111111,4,0.160000
POPE_popular_397,pope,popular_397,ours_and_threshold_recovery,16,16,0,rows=5-23;cols=2-22,7.444,15,15,0,rows=5-23;cols=3-21,7.366,14,14,0,rows=9-21;cols=3-22,6.408,7,0.291667,3,0.111111,4,0.160000
POPE_random_379,pope,random_379,ours_and_threshold_recovery,16,16,0,rows=5-23;cols=2-22,7.444,15,15,0,rows=5-23;cols=3-21,7.366,14,14,0,rows=9-21;cols=3-22,6.408,7,0.291667,3,0.111111,4,0.160000
GQA_03177807,gqa,03177807,ours_and_threshold_recovery,16,16,0,rows=0-22;cols=1-22,8.160,14,14,0,rows=0-22;cols=1-22,8.682,15,15,0,rows=4-19;cols=1-22,6.930,7,0.304348,5,0.192308,7,0.318182
GQA_09892549,gqa,09892549,ours_and_threshold_recovery,16,16,0,rows=2-23;cols=1-23,10.191,14,14,0,rows=3-23;cols=1-21,8.207,13,13,0,rows=13-23;cols=1-20,5.383,7,0.304348,6,0.260870,7,0.350000
GQA_1390641,gqa,1390641,ours_and_threshold_recovery,16,16,0,rows=0-23;cols=2-22,10.463,14,14,0,rows=0-23;cols=5-22,8.761,14,14,0,rows=0-23;cols=5-21,9.227,7,0.304348,6,0.250000,8,0.400000
POPE_random_143,pope,random_143,ours_and_threshold_recovery,16,16,0,rows=8-23;cols=0-22,7.463,14,14,0,rows=3-20;cols=0-22,8.492,15,15,0,rows=7-20;cols=0-20,6.703,7,0.304348,7,0.291667,9,0.450000
GQA_17107885,gqa,17107885,ours_and_threshold_recovery,17,17,0,rows=0-21;cols=0-20,8.894,17,17,0,rows=0-21;cols=0-20,7.632,17,17,0,rows=6-21;cols=5-21,5.294,8,0.307692,5,0.172414,7,0.259259
GQA_02594994,gqa,02594994,ours_and_threshold_recovery,11,11,0,rows=7-23;cols=0-23,6.515,14,14,0,rows=7-23;cols=2-20,6.792,12,12,0,rows=1-21;cols=3-23,8.310,6,0.315789,5,0.277778,4,0.181818
GQA_07692728,gqa,07692728,ours_and_threshold_recovery,15,15,0,rows=6-23;cols=0-20,7.117,14,14,0,rows=4-22;cols=0-22,8.183,15,15,0,rows=3-21;cols=4-23,7.094,7,0.318182,5,0.200000,6,0.260870
GQA_08686991,gqa,08686991,ours_and_threshold_recovery,15,15,0,rows=0-21;cols=3-20,7.454,14,14,0,rows=5-21;cols=1-23,8.079,17,17,0,rows=5-21;cols=4-23,6.490,7,0.318182,7,0.280000,8,0.347826
GQA_00147541,gqa,00147541,ours_and_threshold_recovery,17,17,0,rows=0-23;cols=2-22,7.962,16,16,0,rows=0-23;cols=0-22,10.032,16,16,0,rows=0-23;cols=0-23,8.340,8,0.320000,5,0.178571,7,0.280000
GQA_11412675,gqa,11412675,ours_and_threshold_recovery,17,17,0,rows=1-23;cols=1-22,7.232,16,16,0,rows=1-20;cols=0-23,8.063,17,17,0,rows=1-23;cols=3-23,8.482,8,0.320000,6,0.214286,8,0.320000
GQA_1219501,gqa,1219501,ours_and_threshold_recovery,17,17,0,rows=0-23;cols=0-20,9.676,16,16,0,rows=0-23;cols=0-22,9.322,17,17,0,rows=4-23;cols=0-19,8.125,8,0.320000,8,0.307692,10,0.434783
GQA_12994777,gqa,12994777,ours_and_threshold_recovery,17,17,0,rows=1-23;cols=0-23,7.844,16,16,0,rows=1-23;cols=0-19,7.231,17,17,0,rows=6-23;cols=0-19,5.758,8,0.320000,5,0.172414,7,0.269231
GQA_01843170,gqa,01843170,ours_and_threshold_recovery,14,14,0,rows=2-23;cols=4-18,8.297,14,14,0,rows=3-23;cols=4-22,7.249,15,15,0,rows=3-21;cols=4-22,7.507,7,0.333333,6,0.260870,8,0.380952
GQA_06225385,gqa,06225385,ours_and_threshold_recovery,14,14,0,rows=0-23;cols=3-23,7.605,14,14,0,rows=8-21;cols=1-23,6.896,15,15,0,rows=7-20;cols=1-15,5.344,7,0.333333,6,0.260870,7,0.318182
GQA_064376,gqa,064376,ours_and_threshold_recovery,15,15,0,rows=1-23;cols=0-22,9.195,13,13,0,rows=3-23;cols=4-22,7.501,13,13,0,rows=9-22;cols=1-23,6.716,7,0.333333,2,0.076923,2,0.083333
GQA_09446084,gqa,09446084,ours_and_threshold_recovery,16,16,0,rows=1-22;cols=1-22,7.973,16,16,0,rows=1-21;cols=1-22,6.567,13,13,0,rows=9-21;cols=5-22,4.869,8,0.333333,7,0.318182,4,0.160000
GQA_12755296,gqa,12755296,ours_and_threshold_recovery,17,17,0,rows=1-23;cols=2-21,7.119,15,15,0,rows=6-23;cols=0-23,7.029,17,17,0,rows=2-21;cols=0-23,9.180,8,0.333333,7,0.259259,7,0.280000
GQA_13515589,gqa,13515589,ours_and_threshold_recovery,16,16,0,rows=2-23;cols=7-23,7.254,16,16,0,rows=4-23;cols=2-23,7.413,17,17,0,rows=3-23;cols=2-23,7.198,8,0.333333,8,0.320000,9,0.375000
POPE_adversarial_243,pope,adversarial_243,ours_and_threshold_recovery,15,15,0,rows=0-23;cols=1-23,7.848,17,17,0,rows=0-23;cols=0-18,6.562,16,16,0,rows=6-23;cols=0-23,7.146,8,0.333333,4,0.148148,4,0.137931
POPE_popular_243,pope,popular_243,ours_and_threshold_recovery,15,15,0,rows=0-23;cols=1-23,7.848,17,17,0,rows=0-23;cols=0-18,6.562,16,16,0,rows=6-23;cols=0-23,7.146,8,0.333333,4,0.148148,4,0.137931
POPE_random_231,pope,random_231,ours_and_threshold_recovery,15,15,0,rows=0-23;cols=1-23,7.848,17,17,0,rows=0-23;cols=0-18,6.562,16,16,0,rows=6-23;cols=0-23,7.146,8,0.333333,4,0.148148,4,0.137931
GQA_11354268,gqa,11354268,ours_and_threshold_recovery,15,15,0,rows=2-23;cols=0-20,8.568,16,16,0,rows=3-23;cols=1-21,7.796,17,17,0,rows=3-21;cols=0-21,7.201,8,0.347826,9,0.391304,10,0.434783
GQA_13108425,gqa,13108425,ours_and_threshold_recovery,16,16,0,rows=0-23;cols=0-22,8.462,15,15,0,rows=0-23;cols=0-23,8.668,16,16,0,rows=8-20;cols=3-23,7.062,8,0.347826,8,0.333333,6,0.240000
GQA_1583853,gqa,1583853,ours_and_threshold_recovery,16,16,0,rows=1-22;cols=1-22,7.305,15,15,0,rows=6-23;cols=1-22,7.519,15,15,0,rows=5-19;cols=1-17,5.389,8,0.347826,4,0.148148,6,0.250000
GQA_18544187,gqa,18544187,ours_and_threshold_recovery,15,15,0,rows=4-23;cols=0-22,8.735,16,16,0,rows=4-23;cols=0-21,6.781,17,17,0,rows=4-23;cols=0-22,7.680,8,0.347826,9,0.391304,8,0.320000
GQA_01423258,gqa,01423258,ours_and_threshold_recovery,17,17,0,rows=0-23;cols=0-19,6.351,17,17,0,rows=0-23;cols=0-22,7.763,17,17,0,rows=4-23;cols=2-22,7.216,9,0.360000,7,0.259259,10,0.416667
GQA_10560337,gqa,10560337,ours_and_threshold_recovery,17,17,0,rows=7-23;cols=0-23,7.501,17,17,0,rows=5-23;cols=4-23,7.539,17,17,0,rows=7-23;cols=0-23,7.007,9,0.360000,8,0.307692,10,0.416667
GQA_01642323,gqa,01642323,ours_and_threshold_recovery,15,15,0,rows=2-23;cols=0-20,8.740,15,15,0,rows=6-23;cols=0-23,8.886,17,17,0,rows=6-23;cols=1-23,8.517,8,0.363636,7,0.280000,12,0.600000
GQA_05965669,gqa,05965669,ours_and_threshold_recovery,15,15,0,rows=0-22;cols=3-22,9.312,15,15,0,rows=0-21;cols=3-20,7.930,16,16,0,rows=0-21;cols=0-20,8.557,8,0.363636,6,0.240000,9,0.409091
GQA_09964744,gqa,09964744,ours_and_threshold_recovery,15,15,0,rows=2-23;cols=1-22,8.596,15,15,0,rows=2-23;cols=3-23,8.647,12,12,0,rows=6-22;cols=3-21,8.161,8,0.363636,5,0.227273,7,0.350000
GQA_09964907,gqa,09964907,ours_and_threshold_recovery,15,15,0,rows=2-23;cols=1-22,8.790,15,15,0,rows=2-23;cols=3-22,8.379,16,16,0,rows=6-22;cols=1-23,7.855,8,0.363636,5,0.192308,7,0.291667
GQA_12284351,gqa,12284351,ours_and_threshold_recovery,16,16,0,rows=1-21;cols=0-22,8.292,14,14,0,rows=1-23;cols=0-22,8.803,16,16,0,rows=1-22;cols=1-19,7.937,8,0.363636,4,0.142857,7,0.304348
GQA_13376836,gqa,13376836,ours_and_threshold_recovery,14,14,0,rows=2-23;cols=1-20,8.938,16,16,0,rows=2-23;cols=3-20,7.652,15,15,0,rows=8-21;cols=1-20,6.827,8,0.363636,6,0.260870,7,0.291667
GQA_13918084,gqa,13918084,ours_and_threshold_recovery,14,14,0,rows=0-22;cols=2-20,9.630,16,16,0,rows=0-22;cols=0-20,8.266,15,15,0,rows=0-21;cols=1-20,8.018,8,0.363636,6,0.260870,10,0.476190
GQA_14889532,gqa,14889532,ours_and_threshold_recovery,15,15,0,rows=0-21;cols=5-20,7.529,15,15,0,rows=0-20;cols=6-19,7.092,16,16,0,rows=2-21;cols=0-19,7.291,8,0.363636,10,0.476190,9,0.409091
GQA_02662320,gqa,02662320,ours_and_threshold_recovery,17,17,0,rows=1-20;cols=0-23,6.906,16,16,0,rows=1-22;cols=0-16,6.950,16,16,0,rows=7-23;cols=0-20,6.701,9,0.375000,5,0.178571,7,0.280000
GQA_05425412,gqa,05425412,ours_and_threshold_recovery,17,17,0,rows=0-21;cols=0-23,8.297,16,16,0,rows=0-22;cols=2-23,9.050,17,17,0,rows=2-20;cols=0-23,7.498,9,0.375000,8,0.307692,7,0.269231
GQA_07613830,gqa,07613830,ours_and_threshold_recovery,17,17,0,rows=0-19;cols=1-23,6.942,16,16,0,rows=0-19;cols=4-23,7.239,17,17,0,rows=3-19;cols=2-23,6.998,9,0.375000,9,0.360000,8,0.320000
GQA_08258647,gqa,08258647,ours_and_threshold_recovery,17,17,0,rows=2-21;cols=6-19,6.998,16,16,0,rows=2-23;cols=6-19,6.711,17,17,0,rows=4-21;cols=6-18,5.935,9,0.375000,8,0.307692,7,0.269231
GQA_1067200,gqa,1067200,ours_and_threshold_recovery,17,17,0,rows=0-22;cols=2-20,7.394,16,16,0,rows=4-22;cols=0-23,7.933,17,17,0,rows=3-20;cols=0-23,7.158,9,0.375000,6,0.214286,7,0.269231
GQA_16319797,gqa,16319797,ours_and_threshold_recovery,16,16,0,rows=4-23;cols=3-20,7.073,17,17,0,rows=2-23;cols=2-20,7.732,16,16,0,rows=2-23;cols=2-20,6.494,9,0.375000,7,0.280000,9,0.375000
GQA_16806755,gqa,16806755,ours_and_threshold_recovery,16,16,0,rows=2-17;cols=0-23,6.354,17,17,0,rows=2-23;cols=0-23,7.542,16,16,0,rows=2-23;cols=6-23,5.511,9,0.375000,6,0.230769,8,0.320000
GQA_16862661,gqa,16862661,ours_and_threshold_recovery,17,17,0,rows=0-21;cols=2-20,5.824,16,16,0,rows=4-21;cols=2-23,6.027,16,16,0,rows=5-21;cols=2-23,5.783,9,0.375000,4,0.137931,7,0.280000
GQA_17866760,gqa,17866760,ours_and_threshold_recovery,17,17,0,rows=0-22;cols=0-23,8.429,16,16,0,rows=0-23;cols=0-23,8.607,17,17,0,rows=10-23;cols=0-23,6.453,9,0.375000,5,0.172414,5,0.178571
GQA_19225511,gqa,19225511,ours_and_threshold_recovery,16,16,0,rows=0-23;cols=2-23,8.698,17,17,0,rows=7-23;cols=1-23,7.647,17,17,0,rows=5-23;cols=0-23,7.783,9,0.375000,7,0.269231,9,0.360000
POPE_popular_198,pope,popular_198,ours_and_threshold_recovery,17,17,0,rows=0-23;cols=1-22,9.299,16,16,0,rows=0-23;cols=5-21,8.412,15,15,0,rows=6-23;cols=0-21,7.618,9,0.375000,7,0.280000,7,0.291667
GQA_07125985,gqa,07125985,ours_and_threshold_recovery,14,14,0,rows=1-23;cols=5-23,8.294,15,15,0,rows=1-23;cols=0-23,8.540,16,16,0,rows=1-23;cols=0-23,8.284,8,0.380952,6,0.250000,6,0.240000
GQA_07733683,gqa,07733683,ours_and_threshold_recovery,15,15,0,rows=2-23;cols=0-23,8.043,14,14,0,rows=8-23;cols=0-23,8.122,12,12,0,rows=7-23;cols=0-20,7.386,8,0.380952,5,0.227273,7,0.368421
GQA_13432895,gqa,13432895,ours_and_threshold_recovery,15,15,0,rows=0-23;cols=0-20,9.110,14,14,0,rows=0-23;cols=0-21,9.261,16,16,0,rows=5-22;cols=0-23,9.328,8,0.380952,6,0.240000,8,0.363636
GQA_15315769,gqa,15315769,ours_and_threshold_recovery,13,13,0,rows=1-19;cols=4-16,6.955,16,16,0,rows=1-23;cols=2-16,7.811,17,17,0,rows=1-19;cols=2-18,6.299,8,0.380952,7,0.304348,8,0.320000
GQA_17272591,gqa,17272591,ours_and_threshold_recovery,14,14,0,rows=2-22;cols=1-22,7.984,15,15,0,rows=2-23;cols=1-22,8.304,16,16,0,rows=7-23;cols=3-20,6.613,8,0.380952,5,0.200000,7,0.291667
GQA_09180087,gqa,09180087,ours_and_threshold_recovery,13,13,0,rows=1-23;cols=1-22,7.568,12,12,0,rows=1-23;cols=5-22,7.486,11,11,0,rows=0-23;cols=1-22,7.981,7,0.388889,5,0.263158,4,0.210526
GQA_021025835,gqa,021025835,ours_and_threshold_recovery,15,15,0,rows=0-23;cols=4-22,9.075,17,17,0,rows=0-20;cols=4-23,8.127,16,16,0,rows=3-20;cols=5-23,7.199,9,0.391304,5,0.192308,8,0.320000
GQA_031028553,gqa,031028553,ours_and_threshold_recovery,16,16,0,rows=1-23;cols=1-23,10.112,16,16,0,rows=1-22;cols=1-23,8.922,17,17,0,rows=6-22;cols=1-23,6.740,9,0.391304,5,0.178571,10,0.434783
GQA_051058619,gqa,051058619,ours_and_threshold_recovery,17,17,0,rows=0-22;cols=1-21,8.495,15,15,0,rows=0-22;cols=1-21,7.163,15,15,0,rows=2-19;cols=2-15,5.568,9,0.391304,8,0.333333,8,0.363636
GQA_12252856,gqa,12252856,ours_and_threshold_recovery,17,17,0,rows=0-23;cols=0-20,8.716,15,15,0,rows=2-23;cols=0-20,8.207,17,17,0,rows=2-23;cols=4-21,7.181,9,0.391304,10,0.416667,10,0.454545
GQA_13555923,gqa,13555923,ours_and_threshold_recovery,17,17,0,rows=0-21;cols=4-23,8.697,15,15,0,rows=0-21;cols=0-23,8.703,17,17,0,rows=4-23;cols=0-23,7.143,9,0.391304,7,0.259259,8,0.333333
GQA_0778748,gqa,0778748,ours_and_threshold_recovery,12,12,0,rows=2-21;cols=1-23,8.422,16,16,0,rows=2-21;cols=1-23,7.845,10,10,0,rows=2-21;cols=5-23,7.364,8,0.400000,5,0.294118,9,0.529412
GQA_00882837,gqa,00882837,ours_and_threshold_recovery,16,16,0,rows=0-22;cols=0-23,9.570,15,15,0,rows=0-22;cols=0-21,8.686,16,16,0,rows=0-20;cols=0-21,7.142,9,0.409091,8,0.333333,9,0.409091
GQA_02395704,gqa,02395704,ours_and_threshold_recovery,15,15,0,rows=1-22;cols=1-22,7.440,16,16,0,rows=1-23;cols=1-22,6.613,13,13,0,rows=1-20;cols=1-19,5.434,9,0.409091,8,0.400000,7,0.318182
GQA_05282496,gqa,05282496,ours_and_threshold_recovery,15,15,0,rows=2-21;cols=3-23,8.336,16,16,0,rows=2-21;cols=3-23,7.345,15,15,0,rows=3-21;cols=6-23,6.020,9,0.409091,7,0.304348,11,0.550000
GQA_06699178,gqa,06699178,ours_and_threshold_recovery,15,15,0,rows=0-23;cols=5-20,7.401,16,16,0,rows=0-23;cols=0-22,7.497,16,16,0,rows=3-23;cols=1-22,7.242,9,0.409091,7,0.291667,10,0.454545
GQA_10595290,gqa,10595290,ours_and_threshold_recovery,16,16,0,rows=0-23;cols=0-23,9.221,15,15,0,rows=0-23;cols=2-23,8.427,15,15,0,rows=2-23;cols=1-23,8.758,9,0.409091,5,0.192308,7,0.304348
GQA_12171228,gqa,12171228,ours_and_threshold_recovery,15,15,0,rows=0-23;cols=1-22,7.744,16,16,0,rows=0-23;cols=0-22,7.186,14,14,0,rows=8-23;cols=0-22,6.853,9,0.409091,7,0.318182,7,0.304348
GQA_12278128,gqa,12278128,ours_and_threshold_recovery,15,15,0,rows=1-22;cols=0-22,9.511,16,16,0,rows=0-22;cols=3-22,8.691,15,15,0,rows=0-17;cols=3-20,6.895,9,0.409091,5,0.200000,7,0.291667
GQA_12584792,gqa,12584792,ours_and_threshold_recovery,15,15,0,rows=0-23;cols=1-23,9.444,16,16,0,rows=0-23;cols=2-23,9.483,16,16,0,rows=3-23;cols=1-23,8.850,9,0.409091,6,0.240000,8,0.333333
GQA_1297276,gqa,1297276,ours_and_threshold_recovery,15,15,0,rows=3-20;cols=2-22,6.331,16,16,0,rows=2-19;cols=2-22,6.296,13,13,0,rows=3-21;cols=7-22,6.878,9,0.409091,8,0.400000,8,0.380952
GQA_13168629,gqa,13168629,ours_and_threshold_recovery,16,16,0,rows=6-23;cols=7-23,7.451,15,15,0,rows=7-23;cols=2-23,8.264,15,15,0,rows=7-21;cols=7-23,6.202,9,0.409091,8,0.347826,7,0.304348
GQA_13834667,gqa,13834667,ours_and_threshold_recovery,16,16,0,rows=0-23;cols=2-20,7.071,15,15,0,rows=0-23;cols=2-23,6.629,17,17,0,rows=7-23;cols=7-23,5.492,9,0.409091,9,0.375000,12,0.600000
GQA_15261477,gqa,15261477,ours_and_threshold_recovery,16,16,0,rows=0-20;cols=1-23,9.560,15,15,0,rows=0-20;cols=1-23,8.782,14,14,0,rows=5-20;cols=1-22,7.753,9,0.409091,5,0.200000,9,0.450000
GQA_15290680,gqa,15290680,ours_and_threshold_recovery,15,15,0,rows=0-19;cols=2-22,8.584,16,16,0,rows=0-21;cols=0-22,7.752,16,16,0,rows=0-22;cols=0-22,7.714,9,0.409091,5,0.192308,6,0.230769
POPE_adversarial_226,pope,adversarial_226,ours_and_threshold_recovery,15,15,0,rows=2-23;cols=2-23,8.419,16,16,0,rows=5-22;cols=1-23,9.015,17,17,0,rows=5-20;cols=1-23,7.616,9,0.409091,6,0.230769,9,0.375000
POPE_popular_224,pope,popular_224,ours_and_threshold_recovery,15,15,0,rows=2-23;cols=2-23,8.419,16,16,0,rows=5-22;cols=1-23,9.015,17,17,0,rows=5-20;cols=1-23,7.616,9,0.409091,6,0.230769,9,0.375000
GQA_12341814,gqa,12341814,ours_and_threshold_recovery,10,10,0,rows=4-23;cols=1-22,7.594,14,14,0,rows=2-23;cols=0-23,8.051,17,17,0,rows=2-23;cols=0-23,7.162,7,0.411765,4,0.173913,9,0.409091
GQA_021037144,gqa,021037144,ours_and_threshold_recovery,17,17,0,rows=1-23;cols=1-20,7.833,17,17,0,rows=1-23;cols=1-22,8.268,14,14,0,rows=6-17;cols=4-22,5.687,10,0.416667,5,0.192308,6,0.240000
GQA_11781054,gqa,11781054,ours_and_threshold_recovery,15,15,0,rows=0-22;cols=4-23,9.715,12,12,0,rows=0-22;cols=4-22,9.249,13,13,0,rows=0-20;cols=0-23,9.321,8,0.421053,8,0.400000,9,0.562500
GQA_01442160,gqa,01442160,ours_and_threshold_recovery,14,14,0,rows=0-21;cols=4-23,8.885,16,16,0,rows=0-21;cols=4-23,8.010,15,15,0,rows=6-21;cols=3-23,6.448,9,0.428571,7,0.318182,6,0.240000
GQA_03753520,gqa,03753520,ours_and_threshold_recovery,15,15,0,rows=0-23;cols=2-21,7.615,15,15,0,rows=0-23;cols=1-21,9.022,15,15,0,rows=7-22;cols=0-21,7.452,9,0.428571,5,0.200000,7,0.304348
GQA_0479775,gqa,0479775,ours_and_threshold_recovery,16,16,0,rows=4-23;cols=3-23,7.567,14,14,0,rows=4-23;cols=3-22,8.552,16,16,0,rows=4-23;cols=3-21,7.549,9,0.428571,8,0.333333,7,0.304348
GQA_05893033,gqa,05893033,ours_and_threshold_recovery,16,16,0,rows=1-22;cols=0-23,8.854,14,14,0,rows=1-22;cols=0-20,7.869,14,14,0,rows=4-21;cols=0-20,6.628,9,0.428571,7,0.304348,8,0.400000
GQA_09595632,gqa,09595632,ours_and_threshold_recovery,15,15,0,rows=0-23;cols=4-23,8.548,15,15,0,rows=0-23;cols=0-21,7.818,16,16,0,rows=8-23;cols=0-23,8.304,9,0.428571,8,0.347826,8,0.347826
GQA_0993482,gqa,0993482,ours_and_threshold_recovery,15,15,0,rows=0-22;cols=4-21,7.121,15,15,0,rows=0-22;cols=1-19,7.989,15,15,0,rows=3-19;cols=1-23,7.101,9,0.428571,8,0.363636,9,0.428571
GQA_13187608,gqa,13187608,ours_and_threshold_recovery,16,16,0,rows=0-23;cols=0-22,10.215,14,14,0,rows=0-23;cols=0-20,9.641,14,14,0,rows=3-23;cols=0-23,8.214,9,0.428571,5,0.200000,5,0.217391
GQA_13414037,gqa,13414037,ours_and_threshold_recovery,14,14,0,rows=3-23;cols=3-20,7.702,16,16,0,rows=3-23;cols=3-20,7.294,17,17,0,rows=2-21;cols=3-21,7.826,9,0.428571,7,0.291667,7,0.269231
GQA_13777311,gqa,13777311,ours_and_threshold_recovery,15,15,0,rows=0-23;cols=0-20,9.233,15,15,0,rows=0-23;cols=1-21,8.879,14,14,0,rows=3-23;cols=1-20,7.834,9,0.428571,6,0.260870,6,0.260870
GQA_15394337,gqa,15394337,ours_and_threshold_recovery,16,16,0,rows=0-23;cols=0-22,8.939,14,14,0,rows=0-23;cols=0-22,8.666,16,16,0,rows=8-23;cols=0-20,6.301,9,0.428571,7,0.280000,6,0.250000
GQA_15559095,gqa,15559095,ours_and_threshold_recovery,16,16,0,rows=2-23;cols=0-21,9.261,14,14,0,rows=0-23;cols=0-20,10.165,15,15,0,rows=1-23;cols=3-20,8.357,9,0.428571,5,0.192308,6,0.260870
GQA_18903080,gqa,18903080,ours_and_threshold_recovery,16,16,0,rows=0-23;cols=1-21,9.070,14,14,0,rows=0-23;cols=1-21,8.996,12,12,0,rows=3-23;cols=0-14,7.121,9,0.428571,5,0.217391,5,0.238095
GQA_10756311,gqa,10756311,ours_and_threshold_recovery,17,17,0,rows=0-23;cols=0-23,10.152,16,16,0,rows=0-23;cols=1-23,9.597,17,17,0,rows=2-23;cols=0-23,9.692,10,0.434783,10,0.416667,9,0.375000
GQA_12962042,gqa,12962042,ours_and_threshold_recovery,17,17,0,rows=0-23;cols=1-20,7.177,16,16,0,rows=0-23;cols=1-21,7.989,17,17,0,rows=5-23;cols=2-23,7.159,10,0.434783,6,0.214286,9,0.375000
GQA_1335419,gqa,1335419,ours_and_threshold_recovery,17,17,0,rows=0-20;cols=4-22,6.066,16,16,0,rows=0-20;cols=4-22,6.152,17,17,0,rows=3-17;cols=5-22,4.990,10,0.434783,7,0.259259,8,0.320000
GQA_161016410,gqa,161016410,ours_and_threshold_recovery,17,17,0,rows=2-22;cols=1-23,9.474,16,16,0,rows=2-22;cols=1-23,8.368,17,17,0,rows=2-22;cols=2-23,7.612,10,0.434783,8,0.307692,7,0.269231
GQA_16801731,gqa,16801731,ours_and_threshold_recovery,17,17,0,rows=0-23;cols=0-22,7.953,16,16,0,rows=0-23;cols=4-23,8.211,14,14,0,rows=3-20;cols=4-23,8.443,10,0.434783,6,0.240000,8,0.363636
GQA_18986332,gqa,18986332,ours_and_threshold_recovery,17,17,0,rows=0-23;cols=0-23,9.457,16,16,0,rows=0-23;cols=0-23,9.698,15,15,0,rows=6-23;cols=0-23,8.724,10,0.434783,6,0.230769,8,0.347826
POPE_adversarial_111,pope,adversarial_111,ours_and_threshold_recovery,17,17,0,rows=0-23;cols=0-23,9.881,16,16,0,rows=6-23;cols=0-22,8.023,16,16,0,rows=1-23;cols=0-20,7.521,10,0.434783,5,0.178571,9,0.391304
POPE_popular_111,pope,popular_111,ours_and_threshold_recovery,17,17,0,rows=0-23;cols=0-23,9.881,16,16,0,rows=6-23;cols=0-22,8.023,16,16,0,rows=1-23;cols=0-20,7.521,10,0.434783,5,0.178571,9,0.391304
POPE_random_104,pope,random_104,ours_and_threshold_recovery,17,17,0,rows=0-23;cols=0-23,9.881,16,16,0,rows=6-23;cols=0-22,8.023,16,16,0,rows=1-23;cols=0-20,7.521,10,0.434783,5,0.178571,9,0.391304
GQA_10369161,gqa,10369161,ours_and_threshold_recovery,14,14,0,rows=4-23;cols=0-23,10.084,12,12,0,rows=3-21;cols=0-23,10.484,16,16,0,rows=1-23;cols=1-19,8.102,8,0.444444,4,0.153846,5,0.217391
GQA_15825125,gqa,15825125,ours_and_threshold_recovery,12,12,0,rows=2-21;cols=0-21,7.752,14,14,0,rows=6-20;cols=0-21,8.036,14,14,0,rows=4-20;cols=0-20,7.070,8,0.444444,3,0.130435,7,0.333333
GQA_17156710,gqa,17156710,ours_and_threshold_recovery,13,13,0,rows=0-23;cols=7-20,8.246,13,13,0,rows=0-23;cols=1-20,8.363,13,13,0,rows=4-23;cols=0-20,7.849,8,0.444444,5,0.238095,5,0.238095
GQA_0435047,gqa,0435047,ours_and_threshold_recovery,13,13,0,rows=2-23;cols=3-23,8.245,16,16,0,rows=2-23;cols=3-23,6.981,13,13,0,rows=10-23;cols=2-23,6.234,9,0.450000,5,0.238095,8,0.380952
GQA_09344217,gqa,09344217,ours_and_threshold_recovery,16,16,0,rows=0-23;cols=2-23,9.194,13,13,0,rows=4-23;cols=2-23,7.792,14,14,0,rows=3-23;cols=2-23,7.481,9,0.450000,8,0.363636,6,0.285714
GQA_19358251,gqa,19358251,ours_and_threshold_recovery,15,15,0,rows=1-22;cols=0-23,10.019,14,14,0,rows=1-23;cols=0-23,8.928,16,16,0,rows=1-23;cols=2-17,7.049,9,0.450000,6,0.240000,7,0.304348
POPE_adversarial_215,pope,adversarial_215,ours_and_threshold_recovery,16,16,0,rows=2-23;cols=1-23,7.358,13,13,0,rows=7-23;cols=1-23,7.911,15,15,0,rows=4-19;cols=1-23,7.595,9,0.450000,8,0.347826,9,0.473684
POPE_popular_215,pope,popular_215,ours_and_threshold_recovery,16,16,0,rows=2-23;cols=1-23,7.358,13,13,0,rows=7-23;cols=1-23,7.911,15,15,0,rows=4-19;cols=1-23,7.595,9,0.450000,8,0.347826,9,0.473684
POPE_random_204,pope,random_204,ours_and_threshold_recovery,16,16,0,rows=2-23;cols=1-23,7.358,13,13,0,rows=7-23;cols=1-23,7.911,15,15,0,rows=4-19;cols=1-23,7.595,9,0.450000,8,0.347826,9,0.473684
GQA_00223209,gqa,00223209,ours_and_threshold_recovery,16,16,0,rows=2-21;cols=0-22,6.640,16,16,0,rows=2-23;cols=0-23,7.928,14,14,0,rows=2-23;cols=4-18,6.327,10,0.454545,7,0.304348,10,0.500000
GQA_01106981,gqa,01106981,ours_and_threshold_recovery,16,16,0,rows=0-23;cols=6-23,9.839,16,16,0,rows=0-23;cols=6-23,9.720,13,13,0,rows=1-23;cols=5-21,7.629,10,0.454545,6,0.260870,6,0.260870
GQA_02333675,gqa,02333675,ours_and_threshold_recovery,17,17,0,rows=2-21;cols=0-21,9.059,15,15,0,rows=3-23;cols=3-23,9.815,14,14,0,rows=3-20;cols=0-23,11.147,10,0.454545,6,0.240000,6,0.260870
GQA_03193282,gqa,03193282,ours_and_threshold_recovery,16,16,0,rows=3-21;cols=0-23,7.813,16,16,0,rows=3-23;cols=0-21,7.466,15,15,0,rows=4-23;cols=4-23,6.141,10,0.454545,9,0.409091,7,0.291667
GQA_04800740,gqa,04800740,ours_and_threshold_recovery,16,16,0,rows=0-22;cols=1-17,6.760,16,16,0,rows=7-22;cols=1-17,6.763,17,17,0,rows=6-20;cols=2-20,6.413,10,0.454545,5,0.178571,7,0.269231
GQA_10595216,gqa,10595216,ours_and_threshold_recovery,16,16,0,rows=0-23;cols=2-21,8.337,16,16,0,rows=0-23;cols=2-23,8.325,12,12,0,rows=2-23;cols=1-23,8.489,10,0.454545,5,0.217391,5,0.217391
GQA_13831934,gqa,13831934,ours_and_threshold_recovery,16,16,0,rows=0-23;cols=0-20,9.052,16,16,0,rows=0-23;cols=0-23,8.828,17,17,0,rows=5-23;cols=0-20,7.526,10,0.454545,7,0.269231,8,0.320000
GQA_15163893,gqa,15163893,ours_and_threshold_recovery,17,17,0,rows=1-23;cols=0-22,8.628,15,15,0,rows=2-23;cols=2-22,8.442,16,16,0,rows=2-23;cols=2-19,7.131,10,0.454545,8,0.320000,8,0.347826
GQA_15884411,gqa,15884411,ours_and_threshold_recovery,16,16,0,rows=0-23;cols=4-20,8.382,16,16,0,rows=0-23;cols=0-20,8.357,14,14,0,rows=4-21;cols=0-23,6.626,10,0.454545,6,0.250000,10,0.500000
GQA_17836627,gqa,17836627,ours_and_threshold_recovery,16,16,0,rows=0-23;cols=0-23,9.208,16,16,0,rows=0-23;cols=0-23,8.948,14,14,0,rows=6-23;cols=6-23,7.569,10,0.454545,7,0.304348,6,0.250000
GQA_17891088,gqa,17891088,ours_and_threshold_recovery,17,17,0,rows=2-23;cols=0-21,8.320,15,15,0,rows=4-23;cols=2-22,6.703,17,17,0,rows=3-23;cols=0-22,8.187,10,0.454545,11,0.478261,9,0.391304
GQA_181031828,gqa,181031828,ours_and_threshold_recovery,17,17,0,rows=2-23;cols=0-20,8.403,15,15,0,rows=3-21;cols=0-20,9.279,15,15,0,rows=3-23;cols=0-20,8.707,10,0.454545,6,0.230769,7,0.304348
GQA_19535561,gqa,19535561,ours_and_threshold_recovery,16,16,0,rows=2-23;cols=2-21,7.539,16,16,0,rows=2-23;cols=0-22,8.593,16,16,0,rows=4-23;cols=0-23,7.943,10,0.454545,7,0.280000,8,0.333333
POPE_adversarial_473,pope,adversarial_473,ours_and_threshold_recovery,17,17,0,rows=0-23;cols=1-21,9.186,15,15,0,rows=0-23;cols=1-22,9.420,16,16,0,rows=3-21;cols=4-22,8.004,10,0.454545,4,0.137931,7,0.291667
POPE_popular_473,pope,popular_473,ours_and_threshold_recovery,17,17,0,rows=0-23;cols=1-21,9.186,15,15,0,rows=0-23;cols=1-22,9.420,16,16,0,rows=3-21;cols=4-22,8.004,10,0.454545,4,0.137931,7,0.291667
GQA_16230219,gqa,16230219,ours_and_threshold_recovery,13,13,0,rows=0-23;cols=2-22,8.806,12,12,0,rows=0-23;cols=0-22,8.664,15,15,0,rows=0-20;cols=2-23,6.995,8,0.470588,8,0.400000,7,0.350000
GQA_00576828,gqa,00576828,ours_and_threshold_recovery,16,16,0,rows=0-23;cols=0-23,9.662,12,12,0,rows=0-23;cols=0-22,9.974,14,14,0,rows=8-23;cols=2-23,7.483,9,0.473684,6,0.250000,3,0.130435
GQA_05898152,gqa,05898152,ours_and_threshold_recovery,12,12,0,rows=0-23;cols=1-20,8.089,16,16,0,rows=4-23;cols=1-23,8.341,16,16,0,rows=4-23;cols=6-23,6.165,9,0.473684,4,0.166667,9,0.391304
GQA_09759805,gqa,09759805,ours_and_threshold_recovery,14,14,0,rows=3-23;cols=0-18,8.025,14,14,0,rows=3-23;cols=0-18,8.156,15,15,0,rows=0-23;cols=0-20,9.027,9,0.473684,4,0.160000,9,0.450000
GQA_10981437,gqa,10981437,ours_and_threshold_recovery,14,14,0,rows=0-23;cols=2-23,7.769,14,14,0,rows=0-23;cols=2-22,8.497,11,11,0,rows=8-23;cols=4-23,8.014,9,0.473684,7,0.388889,7,0.388889
GQA_02148815,gqa,02148815,ours_and_threshold_recovery,14,14,0,rows=4-22;cols=2-22,8.858,17,17,0,rows=4-22;cols=2-22,8.306,16,16,0,rows=7-19;cols=0-22,6.514,10,0.476190,7,0.304348,9,0.375000
GQA_0660580,gqa,0660580,ours_and_threshold_recovery,15,15,0,rows=0-23;cols=2-23,9.251,16,16,0,rows=0-23;cols=2-21,7.708,17,17,0,rows=0-19;cols=2-23,6.700,10,0.476190,8,0.333333,11,0.500000
GQA_08264127,gqa,08264127,ours_and_threshold_recovery,16,16,0,rows=0-21;cols=0-20,6.410,15,15,0,rows=0-18;cols=0-16,6.570,14,14,0,rows=4-17;cols=5-18,4.271,10,0.476190,7,0.304348,6,0.260870
GQA_18266115,gqa,18266115,ours_and_threshold_recovery,15,15,0,rows=0-22;cols=5-23,8.731,16,16,0,rows=0-22;cols=4-23,8.441,15,15,0,rows=0-22;cols=5-20,6.910,10,0.476190,6,0.250000,7,0.291667
GQA_05856352,gqa,05856352,ours_and_threshold_recovery,17,17,0,rows=2-23;cols=0-20,7.105,17,17,0,rows=2-23;cols=0-20,7.206,17,17,0,rows=6-23;cols=0-20,5.352,11,0.478261,9,0.360000,8,0.307692
GQA_06792703,gqa,06792703,ours_and_threshold_recovery,17,17,0,rows=4-23;cols=2-22,7.806,17,17,0,rows=4-23;cols=0-22,7.937,17,17,0,rows=4-23;cols=4-22,6.784,11,0.478261,8,0.307692,7,0.259259
GQA_16405118,gqa,16405118,ours_and_threshold_recovery,17,17,0,rows=0-23;cols=0-23,8.567,17,17,0,rows=0-23;cols=5-23,9.657,17,17,0,rows=2-23;cols=4-23,7.866,11,0.478261,8,0.307692,7,0.259259
GQA_00293553,gqa,00293553,ours_and_threshold_recovery,16,16,0,rows=1-21;cols=1-23,9.174,17,17,0,rows=4-21;cols=1-23,8.092,15,15,0,rows=6-19;cols=1-23,7.239,11,0.500000,7,0.291667,9,0.391304
GQA_00314249,gqa,00314249,ours_and_threshold_recovery,15,15,0,rows=0-21;cols=2-20,7.139,15,15,0,rows=0-21;cols=3-20,6.684,13,13,0,rows=0-19;cols=0-20,7.127,10,0.500000,4,0.166667,8,0.400000
GQA_02333625,gqa,02333625,ours_and_threshold_recovery,16,16,0,rows=2-21;cols=3-21,9.068,14,14,0,rows=3-21;cols=0-23,9.489,15,15,0,rows=3-23;cols=0-23,10.873,10,0.500000,7,0.291667,8,0.380952
GQA_03509861,gqa,03509861,ours_and_threshold_recovery,15,15,0,rows=0-23;cols=2-22,9.366,15,15,0,rows=0-23;cols=2-23,8.837,16,16,0,rows=0-23;cols=1-22,8.161,10,0.500000,7,0.291667,6,0.240000
GQA_06314509,gqa,06314509,ours_and_threshold_recovery,16,16,0,rows=1-22;cols=0-20,9.155,17,17,0,rows=1-23;cols=0-23,8.595,17,17,0,rows=16-23;cols=1-22,6.621,11,0.500000,7,0.269231,8,0.307692
GQA_06412953,gqa,06412953,ours_and_threshold_recovery,17,17,0,rows=2-22;cols=2-23,8.478,16,16,0,rows=2-22;cols=2-23,7.985,16,16,0,rows=7-18;cols=0-23,5.483,11,0.500000,5,0.178571,7,0.280000
GQA_0660327,gqa,0660327,ours_and_threshold_recovery,15,15,0,rows=0-23;cols=2-18,8.601,15,15,0,rows=0-23;cols=1-21,8.837,17,17,0,rows=0-20;cols=1-23,7.722,10,0.500000,7,0.280000,10,0.454545
GQA_06975446,gqa,06975446,ours_and_threshold_recovery,17,17,0,rows=0-22;cols=0-23,8.844,16,16,0,rows=0-22;cols=1-23,8.078,17,17,0,rows=3-20;cols=0-23,7.689,11,0.500000,9,0.360000,10,0.434783
GQA_08858587,gqa,08858587,ours_and_threshold_recovery,16,16,0,rows=2-21;cols=2-22,8.387,14,14,0,rows=2-21;cols=2-23,9.087,15,15,0,rows=2-21;cols=0-23,9.883,10,0.500000,7,0.291667,8,0.380952
GQA_12378118,gqa,12378118,ours_and_threshold_recovery,14,14,0,rows=0-23;cols=3-20,8.792,16,16,0,rows=0-21;cols=2-23,8.771,17,17,0,rows=9-20;cols=2-23,6.362,10,0.500000,6,0.240000,11,0.500000
GQA_12771158,gqa,12771158,ours_and_threshold_recovery,13,13,0,rows=0-23;cols=0-20,10.119,17,17,0,rows=0-23;cols=2-20,8.894,17,17,0,rows=8-23;cols=3-22,7.206,10,0.500000,5,0.200000,9,0.360000
GQA_151018229,gqa,151018229,ours_and_threshold_recovery,16,16,0,rows=0-22;cols=0-19,7.412,17,17,0,rows=0-22;cols=0-22,8.820,17,17,0,rows=8-22;cols=0-23,6.871,11,0.500000,8,0.320000,9,0.360000
GQA_17860928,gqa,17860928,ours_and_threshold_recovery,14,14,0,rows=0-23;cols=5-17,7.806,16,16,0,rows=0-23;cols=6-23,7.210,14,14,0,rows=8-23;cols=7-18,4.716,10,0.500000,5,0.217391,6,0.250000
GQA_19466900,gqa,19466900,ours_and_threshold_recovery,14,14,0,rows=0-21;cols=0-20,9.360,13,13,0,rows=0-21;cols=0-20,9.418,13,13,0,rows=9-21;cols=0-22,7.682,9,0.500000,5,0.227273,4,0.181818
POPE_adversarial_177,pope,adversarial_177,ours_and_threshold_recovery,16,16,0,rows=0-22;cols=0-23,9.999,14,14,0,rows=0-21;cols=0-23,9.702,15,15,0,rows=8-21;cols=0-20,6.244,10,0.500000,5,0.192308,7,0.318182
POPE_adversarial_329,pope,adversarial_329,ours_and_threshold_recovery,16,16,0,rows=0-23;cols=0-23,9.012,17,17,0,rows=0-23;cols=0-23,9.285,15,15,0,rows=6-23;cols=0-23,8.985,11,0.500000,9,0.409091,8,0.333333
POPE_adversarial_438,pope,adversarial_438,ours_and_threshold_recovery,16,16,0,rows=2-23;cols=1-23,9.201,14,14,0,rows=6-21;cols=1-23,9.393,15,15,0,rows=6-23;cols=0-17,5.131,10,0.500000,6,0.240000,6,0.260870
POPE_popular_177,pope,popular_177,ours_and_threshold_recovery,16,16,0,rows=0-22;cols=0-23,9.999,14,14,0,rows=0-21;cols=0-23,9.702,15,15,0,rows=8-21;cols=0-20,6.244,10,0.500000,5,0.192308,7,0.318182
POPE_popular_329,pope,popular_329,ours_and_threshold_recovery,16,16,0,rows=0-23;cols=0-23,9.012,17,17,0,rows=0-23;cols=0-23,9.285,15,15,0,rows=6-23;cols=0-23,8.985,11,0.500000,9,0.409091,8,0.333333
POPE_random_168,pope,random_168,ours_and_threshold_recovery,16,16,0,rows=0-22;cols=0-23,9.999,14,14,0,rows=0-21;cols=0-23,9.702,15,15,0,rows=8-21;cols=0-20,6.244,10,0.500000,5,0.192308,7,0.318182
POPE_random_314,pope,random_314,ours_and_threshold_recovery,16,16,0,rows=0-23;cols=0-23,9.012,17,17,0,rows=0-23;cols=0-23,9.285,15,15,0,rows=6-23;cols=0-23,8.985,11,0.500000,9,0.409091,8,0.333333
GQA_03974231,gqa,03974231,ours_and_threshold_recovery,16,16,0,rows=0-21;cols=1-21,7.692,16,16,0,rows=0-21;cols=1-22,8.764,16,16,0,rows=4-17;cols=3-23,7.412,11,0.523810,8,0.333333,9,0.391304
GQA_06716432,gqa,06716432,ours_and_threshold_recovery,17,17,0,rows=0-23;cols=2-23,8.740,15,15,0,rows=0-23;cols=2-23,8.509,15,15,0,rows=3-23;cols=0-23,7.882,11,0.523810,8,0.333333,9,0.428571
GQA_0766542,gqa,0766542,ours_and_threshold_recovery,16,16,0,rows=0-23;cols=0-23,8.363,16,16,0,rows=0-22;cols=3-23,7.457,15,15,0,rows=0-23;cols=0-20,7.448,11,0.523810,7,0.291667,7,0.291667
GQA_10144613,gqa,10144613,ours_and_threshold_recovery,16,16,0,rows=4-23;cols=3-23,7.591,16,16,0,rows=4-23;cols=3-22,7.376,15,15,0,rows=6-21;cols=3-23,6.515,11,0.523810,8,0.347826,11,0.550000
GQA_13696840,gqa,13696840,ours_and_threshold_recovery,16,16,0,rows=0-23;cols=2-22,8.032,16,16,0,rows=0-23;cols=0-22,8.772,14,14,0,rows=2-21;cols=0-20,7.323,11,0.523810,7,0.304348,10,0.500000
GQA_14305066,gqa,14305066,ours_and_threshold_recovery,16,16,0,rows=8-22;cols=1-19,7.684,16,16,0,rows=5-23;cols=1-22,8.229,17,17,0,rows=7-22;cols=2-23,7.959,11,0.523810,8,0.320000,8,0.320000
GQA_18664609,gqa,18664609,ours_and_threshold_recovery,17,17,0,rows=0-21;cols=0-21,7.012,15,15,0,rows=5-21;cols=1-14,5.756,14,14,0,rows=8-21;cols=2-13,4.487,11,0.523810,5,0.192308,6,0.260870
GQA_18934634,gqa,18934634,ours_and_threshold_recovery,16,16,0,rows=0-22;cols=0-23,8.108,16,16,0,rows=0-22;cols=0-22,7.221,17,17,0,rows=6-19;cols=0-23,6.800,11,0.523810,8,0.320000,8,0.320000
GQA_08965653,gqa,08965653,ours_and_threshold_recovery,13,13,0,rows=0-22;cols=0-20,8.719,16,16,0,rows=0-22;cols=0-20,7.477,16,16,0,rows=3-22;cols=0-19,5.431,10,0.526316,5,0.208333,11,0.523810
GQA_14635251,gqa,14635251,ours_and_threshold_recovery,14,14,0,rows=0-23;cols=2-22,8.665,15,15,0,rows=0-23;cols=4-23,8.436,14,14,0,rows=6-21;cols=1-23,8.606,10,0.526316,4,0.166667,7,0.318182
GQA_07257519,gqa,07257519,ours_and_threshold_recovery,16,16,0,rows=0-20;cols=1-23,9.563,15,15,0,rows=0-20;cols=2-22,9.179,13,13,0,rows=3-22;cols=1-22,7.664,11,0.550000,5,0.208333,5,0.217391
GQA_08197176,gqa,08197176,ours_and_threshold_recovery,16,16,0,rows=0-23;cols=3-22,8.033,15,15,0,rows=0-23;cols=5-22,7.771,16,16,0,rows=3-23;cols=0-22,5.667,11,0.550000,8,0.333333,9,0.409091
GQA_08291229,gqa,08291229,ours_and_threshold_recovery,17,17,0,rows=1-21;cols=0-20,8.877,14,14,0,rows=1-21;cols=0-20,9.214,14,14,0,rows=4-20;cols=0-19,6.500,11,0.550000,5,0.192308,7,0.333333
GQA_10150874,gqa,10150874,ours_and_threshold_recovery,14,14,0,rows=0-21;cols=0-20,7.799,17,17,0,rows=0-21;cols=0-21,7.667,17,17,0,rows=0-21;cols=0-21,6.077,11,0.550000,8,0.347826,11,0.478261
GQA_10225707,gqa,10225707,ours_and_threshold_recovery,16,16,0,rows=0-22;cols=0-20,8.452,15,15,0,rows=0-23;cols=0-20,8.121,15,15,0,rows=7-22;cols=0-20,5.783,11,0.550000,4,0.148148,6,0.250000
GQA_11821300,gqa,11821300,ours_and_threshold_recovery,16,16,0,rows=0-23;cols=0-20,7.763,15,15,0,rows=0-23;cols=2-20,7.879,16,16,0,rows=4-23;cols=0-20,7.376,11,0.550000,8,0.333333,10,0.476190
POPE_popular_136,pope,popular_136,ours_and_threshold_recovery,15,15,0,rows=0-23;cols=1-19,9.749,16,16,0,rows=0-23;cols=1-19,8.731,14,14,0,rows=4-23;cols=3-23,7.886,11,0.550000,6,0.260870,8,0.363636
GQA_03454008,gqa,03454008,ours_and_threshold_recovery,16,16,0,rows=0-23;cols=0-20,10.014,12,12,0,rows=0-22;cols=1-20,9.860,14,14,0,rows=2-21;cols=1-19,7.249,10,0.555556,3,0.111111,4,0.181818
GQA_08460587,gqa,08460587,ours_and_threshold_recovery,14,14,0,rows=4-21;cols=6-23,7.040,14,14,0,rows=1-21;cols=6-23,6.927,14,14,0,rows=0-23;cols=6-20,7.997,10,0.555556,6,0.272727,10,0.555556
GQA_0857298,gqa,0857298,ours_and_threshold_recovery,13,13,0,rows=4-21;cols=1-20,8.013,15,15,0,rows=4-21;cols=1-20,8.059,16,16,0,rows=4-20;cols=3-20,5.753,10,0.555556,6,0.260870,9,0.409091
GQA_04157864,gqa,04157864,ours_and_threshold_recovery,17,17,0,rows=0-23;cols=0-23,9.088,16,16,0,rows=0-23;cols=0-22,9.538,16,16,0,rows=9-21;cols=0-23,7.603,12,0.571429,8,0.320000,8,0.333333
GQA_06587848,gqa,06587848,ours_and_threshold_recovery,17,17,0,rows=0-23;cols=3-22,9.223,16,16,0,rows=0-23;cols=0-17,8.002,15,15,0,rows=9-23;cols=0-17,5.684,12,0.571429,7,0.280000,8,0.347826
GQA_14775003,gqa,14775003,ours_and_threshold_recovery,16,16,0,rows=1-23;cols=0-22,8.416,17,17,0,rows=1-23;cols=0-23,8.648,15,15,0,rows=4-17;cols=4-22,5.520,12,0.571429,4,0.148148,6,0.230769
GQA_14785517,gqa,14785517,ours_and_threshold_recovery,17,17,0,rows=4-21;cols=0-23,7.478,16,16,0,rows=4-21;cols=0-23,7.270,17,17,0,rows=4-21;cols=0-21,6.751,12,0.571429,10,0.416667,11,0.500000
GQA_15311108,gqa,15311108,ours_and_threshold_recovery,17,17,0,rows=0-23;cols=0-20,8.643,16,16,0,rows=0-23;cols=0-20,8.849,16,16,0,rows=3-20;cols=0-23,6.908,12,0.571429,5,0.178571,6,0.230769
GQA_16551323,gqa,16551323,ours_and_threshold_recovery,16,16,0,rows=0-22;cols=0-23,9.565,17,17,0,rows=0-22;cols=0-23,8.004,17,17,0,rows=4-22;cols=5-23,6.493,12,0.571429,8,0.320000,10,0.416667
GQA_021049477,gqa,021049477,ours_and_threshold_recovery,17,17,0,rows=12-23;cols=1-21,7.006,13,13,0,rows=11-23;cols=1-21,7.203,14,14,0,rows=3-23;cols=0-22,8.067,11,0.578947,9,0.409091,6,0.285714
GQA_06689249,gqa,06689249,ours_and_threshold_recovery,14,14,0,rows=2-23;cols=4-21,7.990,16,16,0,rows=6-23;cols=4-21,7.250,16,16,0,rows=6-23;cols=0-21,6.961,11,0.578947,6,0.250000,8,0.333333
GQA_07820091,gqa,07820091,ours_and_threshold_recovery,15,15,0,rows=5-22;cols=0-22,6.167,15,15,0,rows=5-21;cols=0-22,6.044,15,15,0,rows=6-22;cols=3-22,6.706,11,0.578947,7,0.304348,8,0.363636
GQA_13610569,gqa,13610569,ours_and_threshold_recovery,16,16,0,rows=0-23;cols=1-20,7.836,14,14,0,rows=0-23;cols=1-20,8.870,15,15,0,rows=7-23;cols=1-19,6.692,11,0.578947,6,0.240000,7,0.318182
GQA_11311101,gqa,11311101,ours_and_threshold_recovery,13,13,0,rows=0-23;cols=7-20,8.892,14,14,0,rows=0-21;cols=0-20,8.871,15,15,0,rows=8-21;cols=4-23,5.641,10,0.588235,4,0.166667,4,0.160000
GQA_04745713,gqa,04745713,ours_and_threshold_recovery,16,16,0,rows=0-21;cols=1-20,8.929,16,16,0,rows=0-21;cols=1-20,9.037,14,14,0,rows=8-19;cols=0-20,7.271,12,0.600000,7,0.304348,7,0.304348
GQA_04822239,gqa,04822239,ours_and_threshold_recovery,16,16,0,rows=0-23;cols=1-23,9.174,16,16,0,rows=0-23;cols=1-23,9.551,14,14,0,rows=8-21;cols=4-23,7.044,12,0.600000,6,0.250000,9,0.428571
GQA_091039357,gqa,091039357,ours_and_threshold_recovery,17,17,0,rows=0-23;cols=3-21,8.553,15,15,0,rows=0-23;cols=3-21,8.448,15,15,0,rows=6-23;cols=3-20,6.692,12,0.600000,7,0.280000,8,0.363636
GQA_13985701,gqa,13985701,ours_and_threshold_recovery,15,15,0,rows=0-23;cols=1-22,7.642,17,17,0,rows=0-23;cols=1-22,8.693,16,16,0,rows=6-23;cols=4-22,7.883,12,0.600000,8,0.347826,9,0.375000
GQA_19225529,gqa,19225529,ours_and_threshold_recovery,16,16,0,rows=9-23;cols=2-23,6.424,16,16,0,rows=9-23;cols=1-23,7.519,17,17,0,rows=5-23;cols=1-23,7.407,12,0.600000,10,0.434783,14,0.736842
GQA_19610109,gqa,19610109,ours_and_threshold_recovery,17,17,0,rows=1-23;cols=2-22,7.832,15,15,0,rows=1-23;cols=2-22,8.449,15,15,0,rows=2-23;cols=2-20,8.111,12,0.600000,8,0.333333,8,0.363636
GQA_00355951,gqa,00355951,ours_and_threshold_recovery,14,14,0,rows=0-23;cols=1-21,8.371,15,15,0,rows=0-23;cols=0-21,8.268,13,13,0,rows=2-21;cols=2-17,5.881,11,0.611111,3,0.125000,5,0.217391
GQA_1524645,gqa,1524645,ours_and_threshold_recovery,15,15,0,rows=0-23;cols=0-21,9.646,14,14,0,rows=0-23;cols=1-23,9.105,16,16,0,rows=5-23;cols=0-21,6.600,11,0.611111,7,0.291667,7,0.304348
GQA_00942559,gqa,00942559,ours_and_threshold_recovery,17,17,0,rows=0-23;cols=2-23,7.391,17,17,0,rows=0-23;cols=1-23,7.293,16,16,0,rows=7-23;cols=2-23,6.170,13,0.619048,11,0.500000,11,0.500000
GQA_08863476,gqa,08863476,ours_and_threshold_recovery,17,17,0,rows=2-17;cols=0-22,6.967,17,17,0,rows=3-23;cols=0-22,7.315,16,16,0,rows=4-23;cols=3-22,6.235,13,0.619048,10,0.434783,10,0.434783
GQA_1858652,gqa,1858652,ours_and_threshold_recovery,17,17,0,rows=3-23;cols=2-21,7.194,17,17,0,rows=3-23;cols=3-21,6.384,17,17,0,rows=2-21;cols=0-17,5.152,13,0.619048,6,0.214286,10,0.416667
POPE_adversarial_265,pope,adversarial_265,ours_and_threshold_recovery,17,17,0,rows=0-21;cols=0-20,7.977,17,17,0,rows=0-20;cols=0-21,7.789,17,17,0,rows=0-20;cols=0-21,7.494,13,0.619048,10,0.416667,10,0.416667
POPE_popular_265,pope,popular_265,ours_and_threshold_recovery,17,17,0,rows=0-21;cols=0-20,7.977,17,17,0,rows=0-20;cols=0-21,7.789,17,17,0,rows=0-20;cols=0-21,7.494,13,0.619048,10,0.416667,10,0.416667
POPE_random_252,pope,random_252,ours_and_threshold_recovery,17,17,0,rows=0-21;cols=0-20,7.977,17,17,0,rows=0-20;cols=0-21,7.789,17,17,0,rows=0-20;cols=0-21,7.494,13,0.619048,10,0.416667,10,0.416667
GQA_00120235,gqa,00120235,ours_and_threshold_recovery,14,14,0,rows=7-23;cols=6-22,7.121,12,12,0,rows=7-23;cols=5-21,7.002,12,12,0,rows=9-23;cols=2-16,4.652,10,0.625000,5,0.238095,3,0.142857
GQA_11199885,gqa,11199885,ours_and_threshold_recovery,15,15,0,rows=0-21;cols=0-22,9.310,16,16,0,rows=0-21;cols=2-22,8.523,13,13,0,rows=4-21;cols=4-21,6.403,12,0.631579,4,0.166667,5,0.208333
GQA_03267543,gqa,03267543,ours_and_threshold_recovery,17,17,0,rows=3-23;cols=2-20,8.778,16,16,0,rows=3-23;cols=2-20,8.684,16,16,0,rows=4-23;cols=1-20,7.573,13,0.650000,5,0.178571,6,0.230769
GQA_03337674,gqa,03337674,ours_and_threshold_recovery,16,16,0,rows=1-23;cols=1-23,9.084,17,17,0,rows=1-23;cols=1-23,9.064,17,17,0,rows=4-23;cols=1-23,7.862,13,0.650000,8,0.320000,8,0.307692
GQA_13829670,gqa,13829670,ours_and_threshold_recovery,12,12,0,rows=0-21;cols=3-20,8.083,13,13,0,rows=0-21;cols=3-20,7.082,13,13,0,rows=4-21;cols=7-20,6.192,10,0.666667,6,0.315789,7,0.368421
GQA_13696927,gqa,13696927,ours_and_threshold_recovery,15,15,0,rows=0-23;cols=0-22,8.557,17,17,0,rows=0-23;cols=0-22,9.209,16,16,0,rows=2-20;cols=0-20,8.054,13,0.684211,9,0.409091,11,0.500000
GQA_09849254,gqa,09849254,ours_and_threshold_recovery,15,15,0,rows=0-21;cols=5-23,9.445,16,16,0,rows=0-21;cols=5-23,8.705,15,15,0,rows=0-23;cols=4-22,8.507,13,0.722222,7,0.304348,9,0.409091
POPE_random_76,pope,random_76,ours_and_threshold_recovery,17,17,0,rows=0-23;cols=0-23,9.459,16,16,0,rows=0-21;cols=0-23,8.982,15,15,0,rows=6-23;cols=3-22,6.516,14,0.736842,8,0.333333,8,0.347826
GQA_08584810,gqa,08584810,ours_and_threshold_recovery,17,17,0,rows=0-23;cols=6-20,7.294,16,16,0,rows=0-23;cols=0-22,8.743,16,16,0,rows=3-21;cols=0-22,7.269,8,0.320000,7,0.269231,9,0.391304
GQA_09188457,gqa,09188457,ours_and_threshold_recovery,15,15,0,rows=0-23;cols=6-21,5.928,16,16,0,rows=7-23;cols=4-19,6.283,17,17,0,rows=7-23;cols=1-22,6.252,8,0.347826,8,0.333333,7,0.269231
GQA_115763,gqa,115763,ours_and_threshold_recovery,16,16,0,rows=0-23;cols=3-21,8.181,15,15,0,rows=0-23;cols=3-22,8.812,15,15,0,rows=0-23;cols=3-22,7.205,8,0.347826,7,0.291667,7,0.304348
GQA_02455976,gqa,02455976,ours_and_threshold_recovery,15,15,0,rows=5-23;cols=1-19,6.413,15,15,0,rows=5-23;cols=1-21,6.563,13,13,0,rows=7-23;cols=3-21,5.809,8,0.363636,4,0.166667,4,0.166667
GQA_08897867,gqa,08897867,ours_and_threshold_recovery,15,15,0,rows=5-22;cols=0-21,7.996,15,15,0,rows=4-21;cols=0-23,7.608,12,12,0,rows=4-21;cols=0-17,6.700,8,0.363636,6,0.285714,8,0.421053
GQA_101024806,gqa,101024806,ours_and_threshold_recovery,15,15,0,rows=2-23;cols=1-23,9.434,15,15,0,rows=2-23;cols=1-22,8.814,17,17,0,rows=5-21;cols=0-23,9.036,8,0.363636,6,0.230769,4,0.142857
GQA_12387531,gqa,12387531,ours_and_threshold_recovery,15,15,0,rows=2-23;cols=2-20,7.582,14,14,0,rows=4-23;cols=2-20,7.186,14,14,0,rows=9-23;cols=2-20,6.284,8,0.380952,6,0.260870,6,0.272727
GQA_06376614,gqa,06376614,ours_and_threshold_recovery,17,17,0,rows=5-23;cols=7-22,5.981,14,14,0,rows=8-23;cols=0-22,6.267,16,16,0,rows=9-21;cols=0-22,6.251,9,0.409091,8,0.320000,9,0.428571
POPE_popular_196,pope,popular_196,ours_and_threshold_recovery,13,13,0,rows=0-23;cols=0-22,9.955,14,14,0,rows=0-23;cols=5-21,8.449,14,14,0,rows=7-23;cols=0-21,7.515,8,0.421053,5,0.227273,7,0.333333
GQA_00228677,gqa,00228677,ours_and_threshold_recovery,15,15,0,rows=0-23;cols=2-20,7.666,15,15,0,rows=0-23;cols=2-20,7.465,13,13,0,rows=6-22;cols=8-19,4.398,9,0.428571,5,0.217391,7,0.333333
GQA_05907205,gqa,05907205,ours_and_threshold_recovery,14,14,0,rows=1-23;cols=5-22,8.542,16,16,0,rows=1-23;cols=2-23,7.205,16,16,0,rows=11-20;cols=0-23,5.776,9,0.428571,5,0.200000,8,0.333333
GQA_16297893,gqa,16297893,ours_and_threshold_recovery,17,17,0,rows=0-23;cols=0-15,5.441,13,13,0,rows=3-23;cols=0-23,6.615,15,15,0,rows=9-23;cols=0-23,6.313,9,0.428571,6,0.230769,7,0.333333
GQA_11614700,gqa,11614700,ours_and_threshold_recovery,17,17,0,rows=0-23;cols=0-23,9.239,16,16,0,rows=1-22;cols=1-20,7.483,17,17,0,rows=1-23;cols=5-23,7.489,10,0.434783,7,0.259259,12,0.571429
GQA_03587398,gqa,03587398,ours_and_threshold_recovery,14,14,0,rows=2-20;cols=0-23,7.767,15,15,0,rows=2-20;cols=0-23,7.430,13,13,0,rows=6-19;cols=5-23,5.095,9,0.450000,5,0.227273,7,0.333333
GQA_18640928,gqa,18640928,ours_and_threshold_recovery,14,14,0,rows=0-23;cols=0-19,8.211,15,15,0,rows=0-23;cols=0-22,8.619,15,15,0,rows=2-23;cols=0-19,7.850,9,0.450000,6,0.260870,6,0.250000
GQA_16581425,gqa,16581425,ours_and_threshold_recovery,17,17,0,rows=2-22;cols=0-23,9.049,15,15,0,rows=2-22;cols=3-23,7.621,17,17,0,rows=2-21;cols=0-23,8.300,10,0.454545,6,0.214286,8,0.333333
GQA_04605354,gqa,04605354,ours_and_threshold_recovery,16,16,0,rows=1-23;cols=0-23,8.535,15,15,0,rows=1-20;cols=1-23,7.800,14,14,0,rows=0-23;cols=5-23,7.465,10,0.476190,6,0.250000,7,0.318182
GQA_13832410,gqa,13832410,ours_and_threshold_recovery,16,16,0,rows=0-21;cols=5-23,8.378,15,15,0,rows=0-21;cols=1-23,9.318,16,16,0,rows=6-21;cols=1-22,7.300,10,0.476190,5,0.185185,8,0.347826
GQA_0286487,gqa,0286487,ours_and_threshold_recovery,17,17,0,rows=0-23;cols=0-20,8.637,17,17,0,rows=0-23;cols=0-20,8.160,16,16,0,rows=5-23;cols=0-21,7.670,11,0.478261,4,0.137931,5,0.178571
GQA_03466056,gqa,03466056,ours_and_threshold_recovery,16,16,0,rows=3-21;cols=0-22,7.246,17,17,0,rows=3-23;cols=0-22,7.935,16,16,0,rows=3-23;cols=2-17,6.299,11,0.500000,6,0.230769,8,0.320000
GQA_06997529,gqa,06997529,ours_and_threshold_recovery,15,15,0,rows=0-23;cols=0-23,7.962,15,15,0,rows=0-23;cols=0-23,7.338,16,16,0,rows=1-23;cols=3-16,4.656,10,0.500000,5,0.192308,7,0.291667
GQA_09488406,gqa,09488406,ours_and_threshold_recovery,15,15,0,rows=2-23;cols=3-23,8.635,15,15,0,rows=6-21;cols=1-23,7.794,13,13,0,rows=6-20;cols=1-23,6.912,10,0.500000,8,0.400000,8,0.400000
GQA_14153842,gqa,14153842,ours_and_threshold_recovery,16,16,0,rows=0-21;cols=4-22,8.533,17,17,0,rows=0-21;cols=4-23,8.086,17,17,0,rows=6-21;cols=3-23,6.633,11,0.500000,8,0.320000,9,0.360000
GQA_04354695,gqa,04354695,ours_and_threshold_recovery,17,17,0,rows=0-21;cols=0-23,8.333,15,15,0,rows=0-20;cols=6-23,7.511,17,17,0,rows=3-20;cols=5-23,7.566,11,0.523810,7,0.259259,7,0.280000
POPE_adversarial_68,pope,adversarial_68,ours_and_threshold_recovery,16,16,0,rows=0-23;cols=1-22,10.057,16,16,0,rows=0-21;cols=1-22,9.744,17,17,0,rows=5-21;cols=1-22,7.210,11,0.523810,8,0.320000,11,0.500000
GQA_0718158,gqa,0718158,ours_and_threshold_recovery,17,17,0,rows=0-21;cols=0-22,7.862,17,17,0,rows=0-21;cols=0-22,7.323,14,14,0,rows=7-21;cols=0-22,6.455,12,0.545455,9,0.409091,9,0.409091
GQA_12425183,gqa,12425183,ours_and_threshold_recovery,15,15,0,rows=0-23;cols=5-21,7.919,16,16,0,rows=0-23;cols=1-20,8.580,14,14,0,rows=3-23;cols=0-22,8.607,11,0.550000,4,0.160000,6,0.250000
GQA_14823532,gqa,14823532,ours_and_threshold_recovery,15,15,0,rows=4-23;cols=1-21,6.571,16,16,0,rows=4-23;cols=0-20,7.015,13,13,0,rows=7-19;cols=0-21,5.595,11,0.550000,5,0.217391,8,0.380952
GQA_15133656,gqa,15133656,ours_and_threshold_recovery,16,16,0,rows=2-22;cols=1-21,8.081,15,15,0,rows=2-22;cols=1-23,8.371,15,15,0,rows=4-21;cols=1-21,6.141,11,0.550000,8,0.347826,6,0.250000
GQA_17750764,gqa,17750764,ours_and_threshold_recovery,15,15,0,rows=2-23;cols=0-21,9.348,13,13,0,rows=2-23;cols=0-22,9.825,14,14,0,rows=2-21;cols=0-22,7.931,11,0.647059,8,0.380952,8,0.421053
